name,description,price,stock,imagePath,subCategoryId,subCategoryName
"GOYMFK 1pc Free Standing Shoe Rack, Multi-layer Metal Shoe Cap Rack With 8 Double Hooks For Living Room, Bathroom, Hallway","multiple shoes, coats, hats, and other items Easy to assemble: Includes all necessary hardware and instructions for easy assembly Versatile: Perfect for use in living rooms, bathrooms, hallways, and more",24.99,92,https://m.media-amazon.com/images/I/416WaLx10jL._SS522_.jpg,4,Home
"subrtex Leather ding Room, Dining Chairs Set of 2, Black",subrtex Dining chairs Set of 2,,87,https://m.media-amazon.com/images/I/31SejUEWY7L._SS522_.jpg,4,Home
"Plant Repotting Mat MUYETOL Waterproof Transplanting Mat Indoor 26.8"" x 26.8"" Portable Square Foldable Easy to Clean Gardening Work Mat Soil Changing Mat Succulent Plant Transplanting Mat Garden Gifts",,5.98,33,https://m.media-amazon.com/images/I/41RgefVq70L._SS522_.jpg,4,Home
"Pickleball Doormat, Welcome Doormat Absorbent Non-Slip Floor Mat Bathroom Mat 16x24","The decorative doormat features a subtle textured surface that absorbs moisture and helps remove dirt and debris from your shoes.Molded from recycled rubber with a coarse polyester surface, this door mat offers added functionality for your entryways exposed to the elements.The low-profile height offers ideal functionality for high traffic areas and in entryways as it will not obstruct doors from opening or closing.Simply vacuum, shake out, or sweep off debris, spot clean with a solution of mild detergent and water. Do not bleach. Air dry. Dry flat.Greet your guests with this stylish and durable doormat. Perfect for any entryway in your home and Airbnb properties.We provide 100% 0 risk purchase, we promise the best service, if you have any question about our product, please contact us , we will reply by e-mail within 24 hours.",13.99,10,https://m.media-amazon.com/images/I/61vz1IglerL._SS522_.jpg,4,Home
"JOIN IRON Foldable TV Trays for Eating Set of 4 with Stand,Folding TV/Snack Tray Table Set,Folding TV Dinner Tables for Small Space,(Grey)",Set of Four Folding Trays With Matching Storage Rack.,89.99,94,https://m.media-amazon.com/images/I/41p4d4VJnNL._SS522_.jpg,4,Home
"LOVMOR 30'' Bathroom Vanity Sink Base Cabine, Storage Cabinet with 3-Drawers on The Left, Suitable for Bathrooms, Kitchens, Laundry Rooms and Other Places.","Our versatile bathroom sink base cabinet is perfect for adding style and function to your home. It's made from high-quality materials that are lightweight, durable and resistant to moisture. The spray paint ensures a long-lasting, smooth appearance. With adjustable shelves and soft-close doors, this cabinet offers flexible storage options while being easy to maintain. Ideal for bathrooms, kitchens or other spaces, your mood will be happier as you transform your living area into an organized, clutter-free environment. Don't wait any longer, it's time to get a new set of cabinets for your home!",,36,https://m.media-amazon.com/images/I/41zMuj2wvvL._SS522_.jpg,4,Home
"Folews Bathroom Organizer Over The Toilet Storage, 4-Tier Bathroom Shelves Over Toilet Shelf Above Toilet Storage Rack Freestanding Bathroom Space Saver Adjustable Shelves and Baskets, Black",,63.99,92,https://m.media-amazon.com/images/I/41ixgM73DgL._SS522_.jpg,4,Home
"GOYMFK 1pc Free Standing Shoe Rack, Multi-layer Metal Shoe Cap Rack With 8 Double Hooks For Living Room, Bathroom, Hallway","multiple shoes, coats, hats, and other items Easy to assemble: Includes all necessary hardware and instructions for easy assembly Versatile: Perfect for use in living rooms, bathrooms, hallways, and more",24.99,69,https://m.media-amazon.com/images/I/416WaLx10jL._SS522_.jpg,4,Home
"subrtex Leather ding Room, Dining Chairs Set of 2, Black",subrtex Dining chairs Set of 2,,14,https://m.media-amazon.com/images/I/31SejUEWY7L._SS522_.jpg,4,Home
"Plant Repotting Mat MUYETOL Waterproof Transplanting Mat Indoor 26.8"" x 26.8"" Portable Square Foldable Easy to Clean Gardening Work Mat Soil Changing Mat Succulent Plant Transplanting Mat Garden Gifts",,5.98,98,https://m.media-amazon.com/images/I/41RgefVq70L._SS522_.jpg,4,Home
"Pickleball Doormat, Welcome Doormat Absorbent Non-Slip Floor Mat Bathroom Mat 16x24","The decorative doormat features a subtle textured surface that absorbs moisture and helps remove dirt and debris from your shoes.Molded from recycled rubber with a coarse polyester surface, this door mat offers added functionality for your entryways exposed to the elements.The low-profile height offers ideal functionality for high traffic areas and in entryways as it will not obstruct doors from opening or closing.Simply vacuum, shake out, or sweep off debris, spot clean with a solution of mild detergent and water. Do not bleach. Air dry. Dry flat.Greet your guests with this stylish and durable doormat. Perfect for any entryway in your home and Airbnb properties.We provide 100% 0 risk purchase, we promise the best service, if you have any question about our product, please contact us , we will reply by e-mail within 24 hours.",13.99,10,https://m.media-amazon.com/images/I/61vz1IglerL._SS522_.jpg,4,Home
"JOIN IRON Foldable TV Trays for Eating Set of 4 with Stand,Folding TV/Snack Tray Table Set,Folding TV Dinner Tables for Small Space,(Grey)",Set of Four Folding Trays With Matching Storage Rack.,89.99,35,https://m.media-amazon.com/images/I/41p4d4VJnNL._SS522_.jpg,4,Home
"LOVMOR 30'' Bathroom Vanity Sink Base Cabine, Storage Cabinet with 3-Drawers on The Left, Suitable for Bathrooms, Kitchens, Laundry Rooms and Other Places.","Our versatile bathroom sink base cabinet is perfect for adding style and function to your home. It's made from high-quality materials that are lightweight, durable and resistant to moisture. The spray paint ensures a long-lasting, smooth appearance. With adjustable shelves and soft-close doors, this cabinet offers flexible storage options while being easy to maintain. Ideal for bathrooms, kitchens or other spaces, your mood will be happier as you transform your living area into an organized, clutter-free environment. Don't wait any longer, it's time to get a new set of cabinets for your home!",,21,https://m.media-amazon.com/images/I/41zMuj2wvvL._SS522_.jpg,4,Home
"Folews Bathroom Organizer Over The Toilet Storage, 4-Tier Bathroom Shelves Over Toilet Shelf Above Toilet Storage Rack Freestanding Bathroom Space Saver Adjustable Shelves and Baskets, Black",,63.99,44,https://m.media-amazon.com/images/I/41ixgM73DgL._SS522_.jpg,4,Home
"Lerliuo Nightstand, Side Table, Industrial Bedside Table with 2 Drawers and Open Shelf, Grey Night Stand, End Table with Steel Frame for Bedroom, Dorm, Gray/Black 23.6''H",,39.99,21,https://m.media-amazon.com/images/I/41IzLmM91FL._SS522_.jpg,4,Home
Boss Office Products Any Task Mid-Back Task Chair with Loop Arms in Grey,"Mid-back styling with firm lumbar support. Elegant styling upholstered with commercial grade fabric. Sculptured seat cushion made from molded foam that contours to the shape of your body. Ratchet back height adjustment mechanism which allows perfect positioning of the back cushion and lumbar support. Standard loop arms. Large 27"" nylon base for greater stability. Pneumatic gas lift provides instant height adjustment of the seat. Adjustable tilt tension that accommodates all different size users. Hooded double wheel casters. Upright locking position. Available in four fabric colors.",,63,https://m.media-amazon.com/images/I/41rMElFrXBL._SS522_.jpg,4,Home
"Kingston Brass BA1752BB Heritage 18-Inch Towel-Bar, Brushed Brass","Hang your towels in style with the chic appeal of the Kingston Brass Heritage Towel Bar. Available in multiple finishes, this 18"" bar can quickly become an essential piece of your bathroom design. Pair with other accessories from the Heritage Collection.",,54,https://m.media-amazon.com/images/I/21opezr3bUL._SS522_.jpg,4,Home
Chief Mfg.Swing-Arm Wall Mount Hardware Mount Black (TS218SU),"The Chief TS218SU Thin stall Dual Swing-Arm Wall Mount is designed to mount flat-panel displays measuring 26 to 47"" with a maximum weight of 75 lb. Its distance from the wall can range from 1.5 to 18"" and it provides -12 to 0 Degree of tilt and up to 1"" of height adjustment. It can pivot up to 180 Degree depending on the width of your mounted display, and also offers post-installation leveling.",260.8,85,https://m.media-amazon.com/images/I/41HxUoRXloL._SS522_.jpg,4,Home
"DOMYDEVM Black End Table, Nightstand with Charging Station, Bedside Table with Drawer, Small Side Table with USB Ports and Outlets for Bedroom",,46.99,48,https://m.media-amazon.com/images/I/41YrmN-yOEL._SS522_.jpg,4,Home
"LASCO 35-5019 Hallmack Style 24-Inch Towel Bar Accessory, All Metal Construction, Chrome Plated Finish","Product Description   LASCO 35-5019 Hallmack Style 24-Inch Towel Bar Accessory, All Metal Construction, Chrome Plated Finish. This high quality, stylish and easy to install 24-inch towel bar bathroom accessory is constructed of solid metal and comes in a chrome plated finish. All hardware included. Mounting screws are concealed after installation for clean 'screw less' look! Larsen Supply is a third generation family owned and operated company with over 80 years of experience has the largest retail plumbing line in the industry today with over 7000 packaged and 16,000 bulk SKU's. We pride ourselves on service, selection and support. Please revert to retail place of purchase for resolution of any possible plumbing questions..   From the Manufacturer   LASCO 35-5019 Hallmack Style 24-Inch Towel Bar Accessory, All Metal Construction, Chrome Plated Finish. This high quality, stylish and easy to install 24-inch towel bar bathroom accessory is constructed of solid metal and comes in a chrome plated finish. All hardware included. Mounting screws are concealed after installation for clean 'screw less' look! Larsen Supply is a third generation family owned and operated company with over 80 years of experience has the largest retail plumbing line in the industry today with over 7000 packaged and 16,000 bulk SKU's. We pride ourselves on service, selection and support! All Lasco merchandise is warranted to be free of manufacturing defects. Please revert to retail place of purchase for resolution of any possible plumbing questions, warranty or defective part replacement.",,10,https://m.media-amazon.com/images/I/31rrpY5EJOL._SS522_.jpg,4,Home
"Table-Mate II PRO TV Tray Table - Folding Table with Cup Holder and Tablet Slot- Couch Desk for Working from Home, TV Trays for Eating, Portable and Adjustable TV Table, Slate Gray",,53.99,51,https://m.media-amazon.com/images/I/31cbTc2VhaL._SS522_.jpg,4,Home
EGFheal White Dress Up Storage,White Dress Up Storage,,17,https://m.media-amazon.com/images/I/31l+OVMKBFL._SS522_.jpg,4,Home
"Caroline's Treasures PPD3013JMAT Enchanted Garden Flowers Doormat 24x36 Front Door Mat Indoor Outdoor Rugs for Entryway, Non Slip Washable Low Pile, 24H X 36W","Welcome your family and friends with this Artwork mat in full color. This action backed mat with hold up in almost any weather condition. This door mat measures about 24 inches by 36 inches and has a black binding tape to hold it's many layers together. The top layer is a polyester felt that is dyed with the image that you see on the mat. The next couple of layers give the mat stability and the bottom of the mat is rubber that has been stamped to help prevent slipping. To clean this mat, hose it off with a water hose or use a powerwasher. Do not use any cleaner that produces suds.",,57,https://m.media-amazon.com/images/I/51Zn-AivGrL._SS522_.jpg,4,Home
"Leick Home 70007-WTGD Mixed Metal and Wood Stepped Tier Bookshelf, White Herringbone/Satin Gold","Smooth, satin gold metal side supports are combined with herringbone textured white laminated shelf surfaces in this compact bookcase or hallstand. The perfect solution for small spaces in apartments, condos, or anywhere space is hard to come by. At only 12 inches deep, this space saver hugs the wall and stacks three layers of shelves in a beautiful stepped design. With simple assembly in just minutes, this sturdy, versatile and eye-catching bookshelf is at your service. Designed and manufactured by Leick Home, the trusted source for quality home furnishings for every taste and budget.",,14,https://m.media-amazon.com/images/I/31XhtLE1F1L._SS522_.jpg,4,Home
"Caroline's Treasures CK3435MAT Bichon Frise Doormat 18x27 Front Door Mat Indoor Outdoor Rugs for Entryway, Non Slip Washable Low Pile, 18H X 27W","Welcome your family and friends with this Artwork mat in full color. This action backed mat with hold up in almost any weather condition. This door mat measures about 18 inches by 27 inches and has a black binding tape to hold it's many layers together. The top layer is a polyester felt that is dyed with the image that you see on the mat. The next couple of layers give the mat stability and the bottom of the mat is rubber that has been stamped to help prevent slipping. To clean this mat, hose it off with a water hose or use a powerwasher. Do not use any cleaner that produces suds.",,23,https://m.media-amazon.com/images/I/51V1IWRrXHL._SS522_.jpg,4,Home
"Wildkin Kids Canvas Sling Bookshelf with Storage for Boys and Girls, Wooden Design Features Four Shelves and Two Drawers, Helps Keep Bedrooms, Playrooms, and Classrooms Organized (Natural with Blue)","Add Wildkin’s Sling Bookshelf with Storage to any room to help children of all ages maintain and organize items in their play space. The convenient and easy design makes this bookshelf the perfect gift for young readers in your life. Measuring 24.4 x 12 x 27.5 inches, Wildkin’s Sling Bookshelf with Storage is small enough to fit anywhere in your home, yet large enough to house all your favorite books, magazines, paintings, and more. Each bookshelf features five sling shelves and two bottom pull out drawers, complete with handles. Your child will love that their bookshelf gives them a variety of storage options. Each Sling Bookshelf with Storage is made from ultra-durable Melamine Faced Chipboard and MDF board, complete with metal poles. High-quality polyester fabric shelves and drawers make the Sling Bookshelf the perfect solution for avoiding book damage, while helping children to easily identify and access their favorite items. Classrooms and libraries are not the only places books belong. The Sling Bookshelf with Storage’s sleek and compact design will make you want to add a second or third piece to your home to meet all your book storage needs. The timeless design of Wildkin’s Sling Bookshelf with Storage makes it an ideal choice for organizing more than just books. This piece can be a home for anything from books and magazines to paintings and writings. The possibilities are endless! 90-day manufacturer's warranty against defects - normal wear-and-tear, and misuse excluded. Rigorously tested to ensure that all parts are lead-safe, bpa-free, phthalate-free, and conform to all rules and regulations set forth by the Consumer Products Safety Commission.",,62,https://m.media-amazon.com/images/I/51-GsdoM+IS._SS522_.jpg,4,Home
Gbuzozie 38L Round Laundry Hamper Cute Mermaid Girl Storage Basket Waterproof Coating Organizer Bin For Nursery Clothes Toys,,18.99,72,https://m.media-amazon.com/images/I/41hYmELREGL._SS522_.jpg,4,Home
"Tiita Comfy Saucer Chair, Soft Faux Fur Oversized Folding Accent Chair, Lounge Lazy Chair for Kids Teens Adults, Metal Frame Moon Chair for Bedroom, Living Room, Dorm Rooms",,79.99,27,https://m.media-amazon.com/images/I/41O7mY3lUvL._SS522_.jpg,4,Home
"Summer Desk Decor,Welcome Summer Wood Block Sign Desk Decor,Rustic Summer Fruits and Popsicles Wooden Box Plaque Sign Desk Decor for Home Office Shelf Table Decorations","Crafted from premium-quality wood, our desk decor showcases the natural grain and texture of the wood, adding a touch of warmth and sophistication to your desk or office setting. The smooth finish and sturdy construction ensure durability, making it a long-lasting and reliable desk accessory.  Our wooden block box is a decorative accent that enhances the aesthetics of your workspace or home. The natural wood tones and minimalist design seamlessly blend with any decor style, adding a touch of sophistication and elegance to your desk. Our Wooden Block Box Desk Decor also makes a thoughtful gift for coworkers, friends, or loved ones. It's perfect for birthdays, holidays, or as a gesture of appreciation for someone's dedication to their workspace. Cleaning and maintenance are effortless with our wooden block box. Simply wipe it clean with a soft cloth to preserve its pristine appearance and keep it looking its best for years to come.",13.99,43,https://m.media-amazon.com/images/I/51sai4l5ttL._SS522_.jpg,4,Home
"Homebeez 39.1"" Length Bedroom Storage Bench, End Bed Ottoman Bench with Golden Metal Legs, Dressing Chair for Entryway Living Room,Green",,,69,https://m.media-amazon.com/images/I/31eBuhJ0NDL._SS522_.jpg,4,Home
"Flash Furniture Webb Commercial Grade 24"" Round Blue Metal Indoor-Outdoor Table","Create a chic dining space with this industrial style table. The colorful table will add a retro-modern look to your home or eatery. This highly versatile Cafe Table is ideal for use in bistros, taverns, bars and restaurants. You can mix and match this style table with any metal chair, even using different colors. A thick brace underneath the top adds extra stability. The legs have protective rubber feet that prevent damage to flooring. This all-weather use table is great for indoor and outdoor settings. For longevity, care should be taken to protect from long periods of wet weather. The possibilities are endless with the multitude of environments in which you can use this table, for both commercial and residential spaces.",140.0,92,https://m.media-amazon.com/images/I/41IWb+KWq7L._SS522_.jpg,4,Home
"Mellow 2 Inch Ventilated Memory Foam Mattress Topper, Soothing Lavender Infusion, CertiPUR-US Certified, Queen","Best Price Mattress 2-Inch Lavender infused memory foam topper add more comfort to your current sleeping situation with a Best Price Mattress 2-inch Lavender infused memory foam topper. This latest trend in sleep innovation allows you to experience the advantages of memory foam without ""breaking the bank. "" the special ventilation design increases air flow and reduces trapped body heat while the memory foam reduces motion transfer between sleep partners for a better sleeping experience. In addition, the Lavender extract infused into the memory foam topper naturally releases Lavender scent for a relaxing therapeutic aroma to help experience a great night's sleep. Features: layers: 2 inch memory foam infused material: Lavender extract sizes: (inches) twin (39 x 75 x 3) twin XL (39 x 80 x 3) Full (54 x 75 x 3 ) short Queen (60 x 80 x 3) Queen (60 x 74 x 3) King (76 x 80 x 3) safety and performance: foam is CertiPUR-US certified for highest standards sleep in comfort: enjoy a good night’s sleep when you add this 2-inch mattress topper to your bed. Rest assured knowing your body will comfortably lay in the memory foam that will relieve pressure points on your body.",69.99,80,https://m.media-amazon.com/images/I/418jBmKzSxL._SS522_.jpg,4,Home
"CangLong Mid Century Modern Side Chair with Wood Legs for Kitchen, Living Dining Room, Set of 1, Black","CangLong Mid Century Modern DSW Side Chair with Wood Legs for Kitchen, Living Dining Room, Set of 1, Black",,33,https://m.media-amazon.com/images/I/31wnzq-TwKL._SS522_.jpg,4,Home
"HomePop Metal Accent Table Triangle Base Round Mirror Top, Black, 18.24D x 24W x 18H in","With a black metal triangle base and round mirror top, this sleek accent table is a chic statement piece for the home. The geometric design of the base and the round clear top offers a minimalist look to this small metal accent table. At 24 inches tall, this small end table is the ideal size to be placed next to an accent chair, sofa, bedside, or in an entryway. In any space, this on-trend accent table is sure to catch the attention of your guests at your next cocktail party. Easy to assemble and maintain.",,79,https://m.media-amazon.com/images/I/41cG70UIWTL._SS522_.jpg,4,Home
MAEPA RV Shoe Storage for Bedside - 8 Extra Large Pockets - Dark Grey Rv Shoe Organizer with RV Shoe Pockets - Hanging Bedside Storage for RV Camper Bed Length35.4inches/2.95ft(Dark Grey),"Name: Rv Shoe Pockets 8 Pockets Hanging Bedside Storage OrganizerMaterial: Waterproof Oxford clothColor: GraySize: 0.2""D x 35.4""W x 11.5""HPockets: 8 pcsSingle pocket size: 4.5""L x 3""Wx9""HWeight: 0.45KGCondition: brand newWhen it comes to organization and storage, hanging closet organizers can truly maximize space. Everyone can now have their personalized shoe storage organizer, reducing clutter and promoting order.【Aesthetic Craft】1.The neutral gray shade of the shoe rack storage organizer seamlessly complements any decor style, blending harmoniously with your existing furniture and bedding choices.2. The camper shoe rack is an essential accessory for any shoe enthusiast, offering efficient organization and storage.【Say Goodbye to Mess】1.Hanging shoe pockets are made of high-quality materials and have ample storage capacity, making them the best choice for an efficient shoe storage solution. 2. If you're tired of tripping over your shoes or rummaging through your cluttered closet, consider trying this portable bedside shoe rack organizer and embrace a more organized and organized living space.",16.59,45,https://m.media-amazon.com/images/I/31bcwiowcBL._SS522_.jpg,4,Home
"NearMoon Hand Towel Holder/Towel Ring - Bathroom Towel Bar, Premium Thicken Space Aluminum Towel Rack Wall Towel Hanger, Contemporary Style Bath Hardware Accessories Wall Mounted (Gold)",,8.99,29,https://m.media-amazon.com/images/I/51eswTC1ufL._SS522_.jpg,4,Home
"FLYJOE Narrow Side Table with PU Leather Magazine Holder Rustic Slim Little Thin Table for Living Room, Bedroom, Sofa, Set of 2, Black",,49.99,67,https://m.media-amazon.com/images/I/41Hsse9SYsL._SS522_.jpg,4,Home
"HomePop Home Decor | K2380-YDQY-2 | Luxury Large Faux Leather Square Storage Ottoman | Ottoman with Storage for Living Room & Bedroom, Dark Brown","This large faux leather storage ottoman offers an easy and stylish storage solution for pillows, blankets, books or toys. The rich brown faux leather lupholstery on this square ottoman makes it suitable as a coffee table in a living room or family room, or as extra seating in a study. The hinged lid allows easy access to items nearby but out of view. With stitching details for added interest and tapered wood legs in a dark walnut finish, this large storage ottoman offers a stylish storage and seating solution for years to come. Easy to assemble and maintain.",,74,https://m.media-amazon.com/images/I/416lZwKs-SL._SS522_.jpg,4,Home
Moroccan Leather Pouf Ottoman for Living Room - Round Leather Ottoman Pouf Cover - Unstuffed Pouf Ottoman Leather Foot Stool - Moroccan Pouf Ottoman - Moroccan Ottoman Pouf Leather (Brown),,54.99,98,https://m.media-amazon.com/images/I/51UKACPPL9L._SS522_.jpg,4,Home
"AnyDesign Christmas Welcome Doormat Decorative Xmas Holiday Front Floor Mat Indoor Outdoor Carpet Non-Slip Door Mat for Indoor Outdoor Home Office Kitchen Yard Garden Decoration, 17 x 29 Inch",,16.99,89,https://m.media-amazon.com/images/I/51RpGVRAFcL._SS522_.jpg,4,Home
GXFC ZHAO Welcome Funny Door Mat Shoes and Bras Off Please Personalized Doormat with Anti-Slip Rubber Back (23.6 X 15.7 inch) Prank Gift Home Decor Area Rugs for The Entrance Way Indoor Novelty Mats,"""★Home Decor Doormat with |ANTI-SLIP|Rubber Back. Colourful print on Non-woven Polyester fiber,【safe for kids and pets】 ★Dimension: 15.7""""(W)x23.6""""(L)(40cmx60cm) 0.12 inch thickness. This is a thin doormat with personalized design or popular quotes on it. Really good choice for Prank Gift、Festival Gift or Domestic Presents. ★【Advantage】This Machine Washable door mats is suitable for Entrance way indoor.Also can use as bedroom mat、bath mat、living room mat or a kitchen mats. Perfect fit for kids room mat、office mat and stairs. Safe for hardwood floors too.  ★【Customer service】:We always try to create a perfect shopping environment. 【0 risk purchase】 is available here, contact us if you have any question about ZQH MATS no matter before or after your purchase ! We will do our best to make you Satisfied. ★【Giving a perfect shopping experience is always our service purposes!】""",24.88,50,https://m.media-amazon.com/images/I/51z8ko3rsiL._SS522_.jpg,4,Home
"LEASYLIFE Black Metal Trash can,10L/2.6GAL,Open Top Wastebasket Bin,Garbage Can for Bathroom,Living Room,Office,Kitchen,Bedroom,Hotel (Black)",,64.99,34,https://m.media-amazon.com/images/I/31NobyGCHQL._SS522_.jpg,4,Home
"Solid Wood Wine Cabinet, bar Rack - Home Wood Furniture","Elevate your home bar with this Elegant and Stylish Bar. With its sleek design and ample storage space, this bar is the perfect addition to any home bar or dining room.",69.0,60,https://m.media-amazon.com/images/I/31vp24lBBwL._SS522_.jpg,4,Home
"Black Leather Office Chair Mid Back Leather Desk Chair Modern Excutive Office Chair with Arms and Wheels for Home Office, by Artswish",,89.98,40,https://m.media-amazon.com/images/I/317sVlhzMLL._SS522_.jpg,4,Home
"Convenience Concepts Tucson Flip Top End Table with Charging Station and Shelf, 23.75""L x 11.25""W x 24""H, Charcoal Gray/Black","Add functionality to your home with the Tucson Flip Top End Table with Charging Station by Convenience Concepts. Featuring a flip top that reveals a convenient charging station as well as storage space for your remote controls or favorite book. Charging station includes two standard outlets and two USB ports which can easily charge your phone, tablet and even your laptop. The cable management hole allows you to store multiple devices on the table without damaging cords. The power supply cord is 6 feet in length giving you the room you need to display your end table where you choose. Also includes a bottom shelf for additional storage or display.",,70,https://m.media-amazon.com/images/I/41NVHRlEb2L._SS522_.jpg,4,Home
"3-Tier Kitchen Storage Cart with Handle, Multifunction Utility Rolling Cart Kitchen Storage Organizer, Mobile Shelving Unit Cart with Lockable Wheels for Office, Living Room, Kitchen - Black",,15.99,14,https://m.media-amazon.com/images/I/41yBXlrog-L._SS522_.jpg,4,Home
"Mimoglad Office Chair, High Back Ergonomic Desk Chair with Adjustable Lumbar Support and Headrest, Swivel Task Chair with flip-up Armrests for Guitar Playing, 5 Years Warranty",,159.99,34,https://m.media-amazon.com/images/I/414jZL4tnaL._SS522_.jpg,4,Home
"Let the Adventure Begin Door Mat 17""x30"" Decorative Farmhouse Home Campsite Travel Trailer Cabin Indoor Outdoor Front Porch Door Mat,Funny Camping Welcome Mat Decor,Gifts for Campers Camping Lovers","●ENTRANE WELCOME MAT:17X30 inches.Stylish design makes the mat looks great in any house. Suitable for exterior patio entry way, porch door, garage, garden, laundry room,toilet,living room,office entryway or indoor bedroom or kitchen doors. ●NON-SLIP RUBBER BASE:Our mats are made from linen and Non-toxic eco-friendly recycled rubber.They are great all year long, perfect for rainy, muddy and snowy days. ●SCRAP DIRT & EASY TO CLEAN:It can scrap off dirt, dust, grit, mud, grass or snow and absorb moisture from shoe. Simply vacuum the doormat with a hand-held vacuum, sweep with a broom, or shake off the doormat outside or over your garbage bin. For a deeper clean, the doormat is machine washable and can be placed in the dryer. We recommend to rinse using cold water and tumble dry on low ●GREAT GIFT: It is a ideal gift for families friends and neighbors,charming gifts for our Home. ●WARM TIPS: In order to prevent the product from creases during transportation, We use curl packaging. Our aim is to provide customers with a 100% satisfactory shopping experience.",18.99,76,https://m.media-amazon.com/images/I/51Zv2zReYCL._SS522_.jpg,4,Home
"1 Pack Adjustable Height Center Support Leg for Bed Frame,Bed Center Slat Heavy Extra Durable Steel Support Legs | Suitable for Bed Frame,Cabinet and Wooden Furniture","Specifications: Name: Height adjustable support leg Height: Adjusts from 7.2 to 14.8 Support Leg :2inch W x 3inch D, The diameter of Base: 2.5inch Features: 1.Height adjustable:,Adjusts from 7.1 to 14.8, The support leg is suitable for bed frame, bed center slat and other wooden furniture. It can protect your bed and mattress from damage or sagging. 2.Stronger load: The super-heavy carbon steel circular base of the supporting feet is larger and more stable than other brands, and the weight is more than three times that of other brands. Each leg can carry a maximum weight of 600 pounds, which is twice that of other brands. 3.More stable: The support leg is included two Jam Nuts to lock and stabilize extender,it will be more stable than other brands with one more Jam Nut. 4.The galvanized material is better and not easy to rust. Super-heavy carbon steel round base + Rubber round antislip cushion bottom design won't be harm and scratches to your floors and it has better grip. Tips: 1.In order to prevent sagging, bending or cracking, it is to connect to the slats of the current bed frame.You may install as few or as many as you demand, most customers choose to use 2 or 3 support legs.  2.Important Note: Before installation, please be sure to lock the base nut with an open wrench to prevent the screw from loosening and affecting the installation.",13.9,32,https://m.media-amazon.com/images/I/41ci+bNjHPL._SS522_.jpg,4,Home
Stylo Culture Traditional Cotton Patchwork Embroidered Ottoman Stool Pouf Cover Black Floral Seat 45 cm Seating Pouffe Case Bean Bag Home Decor,,,45,https://m.media-amazon.com/images/I/61-CBGZCsJL._SS522_.jpg,4,Home
"Suptsifira Shoe storage box, 24 Packs Shoe Boxes Clear Plastic Stackable,Shoes Sneaker Container Storage Box, XL Shoe Boxes with Lids for Closet, Storage and Display(White)",,143.98,92,https://m.media-amazon.com/images/I/51enKGSxK8L._SS522_.jpg,4,Home
"Wellynap Computer Desk,31.5 inches Folding Table Computer Desk for Small Spaces Home Office, Gaming Desk Computer Table, No Install Needed, Modern Simple Style Laptop Table, Teak & Black",,69.99,16,https://m.media-amazon.com/images/I/51pO-N48teL._SS522_.jpg,4,Home
"Smlttel Gold Clothing Rack With Shelves, Gold Coat Rack Freestanding with Marble Base, Coat Hanger Rack,Hat Tree Coat Rack Standing Clothes Racks for Boutique，Bedroom",,95.99,65,https://m.media-amazon.com/images/I/41aRwocdfAL._SS522_.jpg,4,Home
"Franklin Sports NFL Storage Ottoman + Container - NFL Football Team Folding Organizer Bins - NFL Office, Bedroom + Living Room Décor - 14"" x 14""","Keep all of your things organized while showing your team colors with these fully collapsible storage units. Perfect for any bedroom, playroom, living room or anywhere else you need a quick storage solution. Each unit is constructed of durable MDF board and polyester fabric, allowing it to double as your footrest on game day! padded top lid is fully removable for easy access to the storage compartment. Perfect for stashing magazines, remotes, and more! now available with your favorite NFL team's logo",39.99,15,https://m.media-amazon.com/images/I/31ptZB+wS-L._SS522_.jpg,4,Home
"Honey-Can-Do 3-Tier Nesting Bamboo Shoe Rack SHO-09492 Shoe Rack, Wooden Shoe Rack, 3 Tier Shoe Rack, Stackable Shoe Rack, Bamboo Shoe Rack,60 lbs","Bamboo is not only sturdy, but it also grows so quickly that it's touted as one of the world's most renewable resources. So this shoe rack not only corrals your shoes, but helps you do some good for the environment. This bamboo shoe rack is modular—so you can stack each of the three tiers on top of one another; or depending on your space, break them apart and put each one in a different room. Try one in the bedroom for slippers, one in the mudroom for boots, and one in the closet for work shoes.",,58,https://m.media-amazon.com/images/I/51GnnjKaVsL._SS522_.jpg,4,Home
"Furnistar 15.9 inch Modern Round Velvet Storage Ottoman with Gold Plating Base, Upholstered Footrest Makeup Stool for Bedroom Living Room, Grey(Ship from US)",,,98,https://m.media-amazon.com/images/I/31IBS5mzYSL._SS522_.jpg,4,Home
"AMHANCIBLE C Shaped Side Table, End Tables Set of 2 with Charging Station, Couch Tables That Slide Under with USB Port & Outlet, Snack Table for Living Room,TV Tray, Black, HET02BPBK",,55.99,97,https://m.media-amazon.com/images/I/41qDAGoNCrL._SS522_.jpg,4,Home
LONGWIN Black Hanging Wall Round Mirror Decor Geometric Circle Mirror for Bathroom Bedroom Living Room 10.2inch,"Material of the black hanging mirror: metal edge and high refractive index glass.Specification: mirror measured 260mm(10.2inch) in diameter, 623g(1.37lb) in net weight.Match all style of home decor: Nordic style match all style of home decor.Various usage: Gorgeous round hanging wall mirror great for entryway, living room, bathroom, bedroom vanity, gallery wall and hallway, put on the desk is also a beautiful view.",17.99,49,https://m.media-amazon.com/images/I/41kC6cU5HXS._SS522_.jpg,4,Home
"Need Fold Wall Mounted Workbench Folding Wall Table Length 47.2"" Width 20"" Perfect Addition to Garage & Shed/Home Office/Laundry Room/Home Bar/Kitchen & Dining Room",,,25,https://m.media-amazon.com/images/I/31SqvdFCutL._SS522_.jpg,4,Home
"Big Joe Fuf XL Cover Only Machine Washable, Gray Plush, Soft Polyester","Does your Big Joe Fuf XL need a facelift? Grab one of our removable replacement covers in soft plush fabic to bring new life to your well-loved Fuf. Easy to zip on and off, this washable cover means you can keep on enjoying your Fuf for years to come. Choose from a variety of colors to match your mood (or room). You'll love the durable sewn-in handles. This product is only a cover and does not include any filling; please refer to full product dimensions before ordering.",,77,https://m.media-amazon.com/images/I/21ysztDdCYL._SS522_.jpg,4,Home
"Plymor Rectangle 5mm Beveled Glass Mirror, 6 inch x 12 inch (Pack of 6)","Plymor Rectangle 5mm Beveled Glass Mirror, 6 inch x 12 inch (Pack of 6)Size: 6 inch x 12 inchWhat size mirror to order? Consider the available space where you intend to place the mirror. Ensure that the mirror will fit proportionally within the area. If using the mirror for a specific purpose, such as crafts, ensure the mirror is large or small enough for your intended purpose. We offer several different sizes and shapes of mirrors.Style: Premium quality, highly reflective polished glass mirror with foam pads to protect table surface.Creative Uses: Our exquisite genuine glass mirrors are designed to elevate the style of your retail store displays, home, or office. These versatile mirrors serve as the perfect canvas to showcase an array of cherished items, from figurines, miniatures, heirlooms, souvenirs, and keepsakes to fashion dolls, porcelain dolls, sports memorabilia, collectibles, crafts, models, candles, statues, sculptures, artifacts, and antiques. They effortlessly accentuate floral bouquets, seasonal arrangements, and decorative table centerpieces, lending a touch of elegance to your banquets or receptions. Moreover, our mirrors can be transformed into stunning decals, emblems, and home decor pieces, making them ideal for gifts, room decor, and a myriad of other decorations. Explore endless creative possibilities for your home, workplace, parties, and weddings, as these mirrors become the foundation for your artistic endeavors.Plymor Guarantee: Collecting Warehouse guarantees all Plymor products to arrive free of damage and defects.",69.91,93,https://m.media-amazon.com/images/I/31wigA5chuL._SS522_.jpg,4,Home
TIMCORR CD Case DVD Holder Storage: 144 Capacity DVD Cases Organizer Portable Wallet Storage - CD Plastic Protective Carrying Binder for Home Travel (Black),,24.97,38,https://m.media-amazon.com/images/I/411Q2ETwelL._SS522_.jpg,4,Home
Ginger Cayden Closed Towel Ring - 4905/SN - Satin Nickel,"Decorative and artistic, yet clean and modern, Cayden is the quintessential transitional design.   concave Posts and escutcheons compliment the uniquely curved bars, setting This collection apart from the crowd.",,79,https://m.media-amazon.com/images/I/31LNv7QILdL._SS522_.jpg,4,Home
"Brightify Black Bathroom Mirrors for Wall, 24 x 36 Inch Rectangle Bathroom Mirrors for Vanity Black Metal Framed Anti-Rust, Matte Black Mirror for Farmhouse Hallway Wall Decor, Horizontal or Vertical",,65.99,47,https://m.media-amazon.com/images/I/510A0nIdGZL._SS522_.jpg,4,Home
"SogesHome Wood Corner Cabinet Wall Corner Storage Cabinet, Storage Display Table Stand Cabinet, with Doors and Open Shelf, for Small Places, Living Room, White&Teak",,,31,https://m.media-amazon.com/images/I/41BTUFVwm+L._SS522_.jpg,4,Home
Toy Storage for Lego Play Mat Bag - Duplo Toy Organizer Storage Bag by Drawstring for Kids Tidy Toy with Lips can as Gift (Orange 47 inch),,27.99,75,https://m.media-amazon.com/images/I/51KKvmDCqBL._SS522_.jpg,4,Home
Flash Furniture Jefferson 2 Pk. Contemporary Brown Vinyl Adjustable Height Barstool with Panel Back and Chrome Base,"Relax and hang out in this adjustable height, panel back brown barstool that proves simple doesn't have to be boring. This piece would be a great fit for your home bar, game room or kitchen island. The seat and back are padded with 2"" of foam and upholstered in luxurious black vinyl. The swivel seat easily adjusts from counter to bar height using the convenient gas lift handle, located just below the seat. The chrome base and footrest complement the stool's modern design and this stool will hold up to 330 pounds. Designed for residential use, this black vinyl barstool is an excellent choice when you want a contemporary look for your home.",,37,https://m.media-amazon.com/images/I/41GYYVLfGjL._SS522_.jpg,4,Home
"Hong Art- Metal Mirror-Matt Black,Glass Panel Black Framed Rounded Corner,Mirrored Rectangle Hangs Horizontal or Vertical,MR2001BK1，11.8"" 15.74""","This metal rectangle round corner large mirror matches any room and any decor perfectly. Use as a black bathroom mirror, vanity mirror, or entry mirror. Add light and enhance the beauty of any room in your home instantly! Safety backing strengthens the glass surface making it less susceptible to breakages. The reflective glass is a brilliant choice for home walls because of the clean look.",22.39,73,https://m.media-amazon.com/images/I/31XytAHobHL._SS522_.jpg,4,Home
"Convenience Concepts American Heritage Round End Table, Pink","The American Heritage Round End Table with Shelf combines elegance and sophistication. Featuring a bottom shelf allowing for additional storage and display area. Available in multiple finishes, and the slightly curved legs this piece will easily complement any new or existing decor.",,13,https://m.media-amazon.com/images/I/311rmB9BDWL._SS522_.jpg,4,Home
Flash Furniture Diamond Black Vinyl Luxurious Conference Chair with Accent Nail Trim,"Add timeless charm to your space with this elegant reception/conference chair. This chair features black vinyl upholstery, contoured cushions and an open back design. Designed with upholstered straight arms and attractive brass nail accents, this chair adds a distinctive touch to any setting. For long-lasting performance, this conference chair is built with a sturdy hardwood frame. This chair will complement reception areas, libraries or your office as a guest chair.",,32,https://m.media-amazon.com/images/I/41LYsAMww6L._SS522_.jpg,4,Home
"Gatco 1918, Modern Rectangle Waste Basket, Matte Black / 11.25"" H Open Top Stainless Steel Trash Can with Removable Lid, 12 Liter Capacity","Product Description   From a company with over 40 years of experience in luxury bathware, Gatco presents our modern rectangle waste basket. It embodies a minimalist open top, coverless design, bringing serenity to any space. A slim profile allows the flexibility to set this can inside a cabinet, tall sliding pull out drawer, under your sink, beside a toilet, or anywhere it may be convenient. Crafted of premium quality hand polished stainless steel to insure a watertight and durable construction. Also functions as a decorative umbrella holder or recycling bin. Features a 3.2 gallon interior volume that fits any 3 gal/13 quart garbage bag or larger. Comes in a variety of styles and finishes to compliment your modern interior. To ensure out excellence, all Gatco products are covered under a 100-year warranty.   From the Manufacturer   Since 1977, Gatco has been a leader in designing and manufacturing premium luxury bathware. Backed by our lifetime warranty, you can trust our products to always exceed your expectations and live up to their name. We proudly stand by our TRUE DESIGN and COMMITMENT TO EXCELLENCE.",59.9,22,https://m.media-amazon.com/images/I/31dnAVaEmvL._SS522_.jpg,4,Home
"Winrise Office Chair Ergonomic Desk Chair, High Back Gaming Chair, Big and Tall Reclining chair Comfy Home Office Desk Chair Lumbar Support Breathable Mesh Computer Chair Adjustable Armrests(B-Orange)",,189.99,96,https://m.media-amazon.com/images/I/41hCFaVIC+L._SS522_.jpg,4,Home
"Adeco Euro Style Fabric Arm Bench Chair Footstool Cubic Ottomans, Brown",,,74,https://m.media-amazon.com/images/I/41hUc8c+DCL._SS522_.jpg,4,Home
"Motiv 0202/PC Sine 18-In Towel Bar, Polished Chrome,,18"" Towel Bar","Product Description   The Sine collection is architectural in conception and form, with the sine symbol (~) deftly incorporated as its distinct accent. Forged in solid brass, the collection includes towel bars, toilet tissue holders, hooks, toiletry shelves, shower rods and hotel shelves, in addition to mirrors and sconce lighting.   From the Manufacturer   The Sine collection is architectural in conception and form, with the sine symbol (~) deftly incorporated as its distinct accent. Forged in solid brass, the collection includes towel bars, toilet tissue holders, hooks, toiletry shelves, shower rods and hotel shelves, in addition to mirrors and sconce lighting.",132.0,25,https://m.media-amazon.com/images/I/31a6GfenW0L._SS522_.jpg,4,Home
"Imports Décor PVC Backed Coir Doormat, Eighth Note Welcome, 18""x30""","Welcome guests on a musical note with this Eighth Note Welcome doormat by Import's Decor. Our coir doormats are constructed from the best quality coir and printed with water-based colors. Coir is the natural fiber extracted from the husk of Coconuts. Coir fiber is relatively waterproof, has superior scrubbing power and is resistant to the elements. The vinyl backing provides reinforcement and prevents the doormat from skidding. With a coir doormat from Imports Decor, you can feel confident dirt and debris will be left at the front door and not in your home.",,47,https://m.media-amazon.com/images/I/51H9lDOICrL._SS522_.jpg,4,Home
"Croydex Chester Square Flexi-Fix Wall Mounted Bathroom Tilt Mirror, 14.96in x 14.96in x 3.4in, Chrome","Our Chester tilt mirror complements geometric bathroom designs, adding a bold, contemporary feel to your bathroom décor. Adding a mirror creates an essential focal point to your overall bathroom design. Maximizing available light, mirrors make spaces brighter and more inviting, even making smaller rooms feel more spacious. With two easy ways to fit, refreshing your bathroom is a breeze with Flexi Fix accessories! The award-winning, innovative ‘no drills’ solution, Flexi Fix can reuse most screw fittings from your old accessories. Or you can drill new holes if you prefer. How you fit Flexi Fix is completely up to you! By simply updating your bathroom accessories and linen colors, you can completely reimagine your bathroom on a budget. With a full range of complementary easy to fit accessories available, why not start that bathroom makeover now?!",90.0,26,https://m.media-amazon.com/images/I/41sDO1HW2cL._SS522_.jpg,4,Home
itbe Easy Fit Ready-to-Assemble Multipurpose One Door Wall Steel Cabinet Space Organizer (Blue),,,65,https://m.media-amazon.com/images/I/21NWASZgUVL._SS522_.jpg,4,Home
Delta ARV18-DN Arvo 18-in Wall Mount Towel Bar with 6-in Extender Bath Hardware Accessory in Brushed Nickel,"The fluid lines of the Delta Arvo Bath Collection bring a delicate, serene look to the bath, while providing wall-mounted storage. This design pairs effortlessly with contemporary and modern home design. This 18-in wall mount towel bar features a 6-in extender piece allowing you to extend the bar from 18 to 24-in to accommodate a large towel or several hand towels. Complete your space with coordinating pieces from the full collection (sold separately).",,42,https://m.media-amazon.com/images/I/11zzs81fXBL._SS522_.jpg,4,Home
"Bamboo Waste Basket | Waste Basket for Bathroom | Waste Basket for Office | Bathroom Trash Can | Bedroom Trash Can | Trash Can Small Wastebasket Bamboo Decor (1, 12"" x 6.5"" x 15.3"")",,39.97,37,https://m.media-amazon.com/images/I/318RY00VlIL._SS522_.jpg,4,Home
Way Basics Vinyl Record Storage - 2 Tier Book Shelf Turntable Stand (Fits 170 Albums),"Way Basics has come up with a modern way to organize a not so modern item! The 2 Shelf Cube is made to fit vinyl records. With tons of space, you can now organize your record collection and do so in a fashionable, simply and modern way. This 2 Shelf Cube in white is made out of zBoard, a sustainable and strong patented material that is eco-friendly and safe for your home. Way Basics uses a 3M industrial adhesive instead of hardware. which means no tools are required. No handy man needed, assembly is easy! Oh and disco ball not included.",68.99,76,https://m.media-amazon.com/images/I/41YMttt7a5L._SS522_.jpg,4,Home
"TocTen Double Bath Towel Bar - Thicken SUS304 Stainless Steel Towel Rack for Bathroom, Bathroom Accessories Double Towel Rod Heavy Duty Wall Mounted Square Towel Holder (Matte Black,24 INCH)",,27.99,98,https://m.media-amazon.com/images/I/41cFJKXyA5L._SS522_.jpg,4,Home
"MoNiBloom Adjustable Bar Stools Set of 2, 360° Swivel Counter Height Barstool Kitchen Counter Island Dining Chair, Dark Grey PU Leather Bistro Swivel Stool for Living Room Kitchen, 250 lbs Capacity",,55.0,28,https://m.media-amazon.com/images/I/41jD28iN4bL._SS522_.jpg,4,Home
"LANTEFUL Shoe Rack Organizer Shoe Storage Cabinet 8 Tiers 32 Pair Portable Shoe Storage Sturdy Plastic Black Shoe Shelf with Hooks Shoe Rack with Door for Entryway, Bedroom and Hallway",,49.99,14,https://m.media-amazon.com/images/I/51e8SrHHW3L._SS522_.jpg,4,Home
"ANDY STAR 24x32 INCH Brushed Nickel Mirror, Rounded Rectangle Silver Metal Framed Mirrors for Bathroom Anti-Rust SUS304, Tube Metal Frame, 1’’ Deep Wall Mounted Vertically/Horizontal",,179.99,38,https://m.media-amazon.com/images/I/41MQWfATggL._SS522_.jpg,4,Home
"MJL Furniture Designs Upholstered Cubed/Square Olivia Series Ottoman, 17"" x 19"" x 19"", Smoke Grey","The Merton Collection by MJL Furniture Designs is a collection of stunning and elegant modern cube ottomans, featuring flawless design and magnificent craftsmanship. Each tufted, foot rest ottoman is carefully designed and constructed by highly skilled and experienced hands, resulting in some of the finest pieces the industry has to offer. The Meron upholstered ottoman measures 17""W x 19""D x 19""H and weighs 15 lbs. Upon delivery of these ottomans no assembly is required. The square, tufted ottoman is expertly constructed using the most resilient and enduring woods and features fashionable, espresso finished, square legs. The ottomans are then carefully upholstered with the softest, most luxurious fabrics and elegantly button tufted. A generous variety of utterly alluring colors and patterns are available to adorn this upholstered cube ottoman. MJL Furniture Designs crafts and designs luxurious furniture using the finest, most resilient woods and soft, elegant fabrics. A combined 45 years of expertise, talent and experience ensures the impeccable and flawless nature of every MJL product. Every piece is proudly conceived, designed and manufactured in California, U.S.A.",,37,https://m.media-amazon.com/images/I/410tv-zDYXL._SS522_.jpg,4,Home
Cpintltr Small Foot Stool Ottoman Modern Accent Step Stool Seat with Solid Wood Legs Velvet Soft Padded Pouf Ottomans Sofa Footrest Stools for Couch Living Room Bedroom Entryway (Green 2 PCS),,49.99,49,https://m.media-amazon.com/images/I/51CjfUJVuLL._SS522_.jpg,4,Home
"YuiHome Extendable Round, Farmhouse 16"" Leaf Table for Dining Room, Kitchen,Natural Wood Wash","This dining table with a round tabletop and X-shaped base, represents an elegant and temperament atmosphere.Moreover, the adjustable dining table length makes this dining set suitable for any size room. Description: Table: 42~58'' x 42''W x 30''H Weight Capacity of Table :300 LBS Material of Tabletop :MDF with Oak Veneer Material of Table Frame/Table Legs :Poplar Wood Finish :Veneer Oak Package Number :1 Assembly Required :20 min Place of Origin:Viet Nam Main Color:Natural Wood Wash Maintenance & Notice About Finish Liquids should be immediately blotted with a damp cloth. Do not use surface cleaners that could remove the finish. About Hardware Hardware may loosen over time; periodically check to make sure all connections are tight. About Fasteners Don't over-tighten fasteners, as this may cause distortion or breakage. About Upholstered Seat Blot spills immediately with a clean, colorfast towel. Spot clean with a damp cloth or sponge, gently blotting to remove excess water, then air dry. About Color Real Product's Color may be a little different from the image due to the lighting or monitor's display.",,35,https://m.media-amazon.com/images/I/5175Qzg03LL._SS522_.jpg,4,Home
"Ergonomic Office Chair,Office Chair, with Lumbar Support & 3D Headrest & Flip Up Arms Home Office Desk Chairs Rockable High Back Swivel Computer Chair White Frame Mesh Study Chair（All Black）","Meet Theergonomic Chair - Your Go-To For Comfort, Durability, And Affordability. With One Top-Notch Chair, A 90-Day Return Policy, And Five Years Of Assistance, We'Ve Got You Covered.Our Chair Promotes A Healthy Posture, Offering Great Lumbar Support And An Adjustable Headrest To Keep You Comfortable.We'Ve Designed It For Lasting Comfort With Quality Padding And Breathable Materials, Reducing Pressure On Your Hips And Tailbone.You Can Personalize Your Experience With Adjustable Features, Like The Headrest, Seat Height, And Lumbar Support. It Even Reclines And Rocks For Added Relaxation.Our Chair Is Built To Last, Passing Commercial Tests For Reliability. With A Sturdy Frame And Base, It Can Support Up To 300 Lbs For Years To Come.In A Nutshell, Ergonomic Chair Is Your Answer For Comfort And Peace Of Mind. It'S Not Just A Chair; It'S Your Trusty Companion For Work And Relaxation, Delivering Unbeatable Comfort And Support.",126.99,55,https://m.media-amazon.com/images/I/51vnoZERmPL._SS522_.jpg,4,Home
"Kate and Laurel Celia Round Metal Foldable Accent Table with Tray Top, Black","Next time you throw a party, do not worry about taking out those old wooden tray tables your parents passed down to you from their stuffy storage area. You now own these hip modern and functional metal tray tables! The Celia collection brings a pop of glamour to your home decor! This metal pop up end table is designed to be the perfect height to fit in a tight space next to a bed or alongside a sofa. It also makes an adorable plant stand! With beautifully elegant straight legs, a round tray tabletop surface, and the option to fold away for storage, this small pedestal table will be the perfect accent piece in your home. The tray top secures to the legs with magnets to allow for sturdy display and easy remove-ability.",,75,https://m.media-amazon.com/images/I/31ZMqrgDD8L._SS522_.jpg,4,Home
"Lizipai Floating Bedside Table, No Assembly Required,Night Stand with Drawer, 19"" X 13"" X 5.9"", White",,72.99,61,https://m.media-amazon.com/images/I/41HBX6be98L._SS522_.jpg,4,Home
"CordaRoy's Chenille Bean Bag Ottoman Footstool, 26"" x 17"", Rainforest","With CordaRoy's Bean Bag Footstool, comfort and relaxation are in the bag. Just as functional as it is comfortable, this bean bag footstool provides the perfect place to kick up your feet and relax. This versatile bean bag ottoman can be paired with a coordinating CordaRoy's Bean Bag Chair or with any couch, sofa, or chair around the home. It can even be used as a nightstand or end table next to a bed. This bean bag ottoman is great for both adults and children alike, and is perfect for use in your living room, family room, bedroom, kid's room, game room, basement, and more. The super plush, chenille microfiber cover is durable to provide a lifetime of use while remaining luxuriously soft, and the Rainforest color looks great with any decor style. When it's time for a refresh, simply toss the cover in the washer and dryer - the fabric will remain soft no matter how many times you wash it. At CordaRoy's, we use furniture-grade 100% polyfoam that is both long-lasting and supportive, and we've added extra stuffing to every product for even more support. It also doesn't compress over time, so your footrest will always be just as supportive as it was when you got it The CordaRoy's Beanbag Footstool is custom made and shipped from US. This complete set includes [1] footstool cover and [1] footstool insert for everything you need to get comfortable right away, and it measures 26"" x 17"" to fit in any space.",,57,https://m.media-amazon.com/images/I/51HpCirQNAL._SS522_.jpg,4,Home
"Plebs Home Solid Desktop Store Cart, with Rubber Wood Countertop, Island has 8 Handle-Free Drawers, Including a Flatware Organizer and 5 Wheels, for Dining, Kitchen, Living Room-Dark Blue, 53.15 Inch","Whether your kitchen is big or small, I think you should have a kitchen island for your daily use, you should definitely try to enrich with the practical and effective element – the kitchen island.The kitchen island is usually placed in the center of the kitchen and it can, in terms of how are organized other functions in the area, to have multiple purposes – from workspace and storage space, to place for the sink.The kitchen island is a great thing also if you have more space in the kitchen. It may be small or bigger, and the down area can be practical kitchen storage element, where you can dispose things, but also there is an option for the additional open shelves.*Product Overview:【Flatware Organizer】【8 Handle-Free Drawers】【【Solid Wood Desktop】【Adjustable Shelves】【Lockable Rollers】【Spice Rack】【Towel Holder】*Notice:1. Real Product’s Color may be a little different from the image due to the lighting or monitor’s display.2. Manual measurement has been used, there may be some reasonable error.",,18,https://m.media-amazon.com/images/I/51WFQwBEqjL._SS522_.jpg,4,Home
"ErGear Ergonomic Desk Chair, Office Chair with 2'' Adjustable Lumbar Support, Computer Chair with Flip-Up Armrests & Headrest, High Back Office Desk Chair with 4'' Thicken Seat for Home Office, Black",,129.99,57,https://m.media-amazon.com/images/I/41C4FUmS-hL._SS522_.jpg,4,Home
"Kingston Brass Millennium Towel-Ring, 7.63"", Oil Rubbed Bronze","Product Description   The Millennium Towel Ring Brass provides a stylish, convenient place to hang your hand towel. Pair with other accessories from the Millennium Collection for a matching set. This Collection will aid in enhancing a modern theme.   From the Manufacturer   Hang hand towels in style with the Millennium Towel Ring. With 6"" in diameter, this towel ring will give you enough space to hang up to two small hand towels. This towel ring is easily installed with all mounting hardware included.",66.95,95,https://m.media-amazon.com/images/I/31+kzwXTjxS._SS522_.jpg,4,Home
"Homebeez 18.9"" Round Velvet Storage Ottoman Multi-Function Vanity Stool Footrest with Storage for Bedroom/Living Room,Orange",,,30,https://m.media-amazon.com/images/I/51vTxE-9lHL._SS522_.jpg,4,Home
Mickey and Friends Collapsible Nylon Basket Bucket Toy Storage Tote Bag,"Pack everything kids need and get ready for adventure with this easy-to-carry exclusive Mickey Mouse and Friends Bucket Bag! A durable nylon body and lining keeps this stylish and fun Mickey Mouse tote bag protected from spillage and other messy mishaps. With a flexible 1 inch heavy weight polypropylene webbing handle, this water resistant bag withstands daily activities and beach trips! This Mickey Mouse bag is lightweight, compact, fold-able, and reusable. It's the perfect bag for: summer beach days, the pool, picnics, an Easter Basket, a trick-or-treat Halloween bag, toy storage, camp, the park, a birthday gift bag, carrying toys, or carrying your little one's collectibles! This fun bag features the classic Disney characters: Donald Duck, Mickey Mouse, Goofy, Pluto and Minnie Mouse! It's the perfect reusable kid's bag for any Disney, Mickey Mouse Clubhouse or classic Mickey and Minnie fan!",19.99,39,https://m.media-amazon.com/images/I/410mEc5bblL._SS522_.jpg,4,Home
Homepop Home Decor | Backless Nailhead Trim Counter Height Bar Stools | 24 Inch Bar Stools | Decorative Home Furniture (Blue Tweed),"Classic with a handsome, contemporary twist, the Blake Backless Counter Stool features a wood base and upholstered seat. Perfect for friends and family to gather around the kitchen counter on, or when not in use, this backless design can be pulled under any counter for a clutter free environment. Finishing details like a nail head trim and simple wood carving on the base add a hint of sophistication and charm. This counter stool is the perfect blend of functionality and style for the home. Available in a wide range of fabric and wood combos for any décor preference.",,24,https://m.media-amazon.com/images/I/41HPIScA4sL._SS522_.jpg,4,Home
"Camco Life Is Better at The Campsite Outdoor & Indoor Welcome Mat - Weather and Doormat | Traps Dirt and Liquid | Spongey Comfortable Feel | Measures 26 ½ "" x 15"" - Blue (53201) - 53201-A","Stylish “Life Is Better at the Campsite” door mats are great for home, outdoors, under a pet bowl or camping! Use them to help trap dirt and debris to prevent bigger messes. Looped PVC material dries quickly, provides a cushioned step and is easy to clean. This mat comes in blue with an orange ""Life is Better at the Campsite"" logo. It measures 26 1/2-inches x 15-inches.",24.99,44,https://m.media-amazon.com/images/I/51DN2is3ZjL._SS522_.jpg,4,Home
MoNiBloom Round Folding Faux Fur Saucer Chair for Bedroom Living Room Dorm Courtyard Foldable Metal Frame Oversized Large Comfy Furry Padded Soft Lounge Lazy Cozy Moon Chair for Adults (Burgundy),,,50,https://m.media-amazon.com/images/I/41eoFKL3gKL._SS522_.jpg,4,Home
"YMYNY Vanity Stool Chair with Storage, Square Velvet Ottoman Foot Stool, Modern Multifunctional Makeup Stool for Bedroom, Living Room, Office, Gold Legs, 18.9 * 15.75 * 11.6"", Dusty Blue, UHBD024G",,29.99,92,https://m.media-amazon.com/images/I/519Am3LPMvL._SS522_.jpg,4,Home
"Casual Home 5 Piece Tray Table Set, Espresso","With this 5-piece Folding Table Set you can have a table anywhere in your home. Made of 100-percent solid wood, this set includes 4 folding tables and a convenient storage stand, which is great for transportation. Perfect for TV meals or family meals that make their way out of the kitchen or dining room.",99.99,13,https://m.media-amazon.com/images/I/41WweDJqgZL._SS522_.jpg,4,Home
"Simplify Hanging Grey 20-Pocket Shoe Boho Closet Storage Organization | Dimensions: 0.25"" x 22"" x 54"" | Hangs on Door| Closet | 20 Pockets | Grey | Closet Organization","Simplify's Boho 20-Pocket Non-woven Shoe Organizer is made of 100% Nonwoven breathable material that acts as instant organization for your closet or room. Can store shoes, slippers, belts, purses so much more. With 3 steel clips, it can hang on any door or closet, and when not in use it folds up as storage. Slim design gives easy access to stored items.",,99,https://m.media-amazon.com/images/I/41eYiOqsldL._SS522_.jpg,4,Home
"Get Set Style Black Glass Side Table, Square Glass End Table Modern Coffee Table with Storage, Glass Mirrored Table for Living Room, Balcony, Bedroom, Office",,59.99,64,https://m.media-amazon.com/images/I/51gG6ukN1nL._SS522_.jpg,4,Home
"Watson & Whitely Swivel Bar Stools Set of 2, Faux Leather Upholstered Counter Height Barstool with Back, 26"" H Seat Height Counter Stools with Solid Wood Legs (Black)",,,24,https://m.media-amazon.com/images/I/41nDc6aFKoL._SS522_.jpg,4,Home
Sweet Jojo Designs Boho Rainbow Girl Ottoman Pouf Cover Unstuffed Poof Floor Footstool Square Cube Pouffe Storage Baby Nursery Kids Room Blush Pink Yellow Bohemian Modern Neutral Vintage Taupe Beige,,22.99,34,https://m.media-amazon.com/images/I/31nn4NwuKfL._SS522_.jpg,4,Home
"Pekokavo Sofa Arm Clip Tray, Side Table for Remote Controls/Drinks/Gamepads Holder (Bamboo)","Limited space, no room for side table and coffee table? Pekokavo Couch Arm Clip Tray can be simply clamped on you couch armrest, no tool and assemble required. When no in use, fold the arm tray and storage under you couch or in the drawer, easy, convenient and space saving. Enjoy your time on the couch with Pekokavo!",24.99,41,https://m.media-amazon.com/images/I/51yz-83kj+L._SS522_.jpg,4,Home
"Caroline's Treasures JMA2013HRM2858 Seaweed Salad Mahi Indoor/Outdoor Runner Mat 28x58,",INDOOR / OUTDOOR FLOOR MAT RUNNER 28 inch by 58 inch Action Back Felt Floor Mat / Carpet / Rug / Floor Runner that is Made and Printed in the USA. A Black binding tape is sewn around the mat for durability and to nicely frame the artwork. The mat has been permenantly dyed for moderate traffic and can be placed inside or out (only under a covered space). Durable and fade resistant. The back of the mat is rubber backed to keep the mat from slipping on a smooth floor. Wash with cleaner that does not produce suds & water. Use pressure with water from a garden hose or even a powerwasher to remove dirt. Vacuum like you would hardwood floors.,,86,https://m.media-amazon.com/images/I/514qJ5aPtbL._SS522_.jpg,4,Home
"Xchouxer Side Tables Natural Bamboo Sofa Armrest Clip-On Tray, Ideal for Remote/Drinks/Phone (Round)",,27.99,69,https://m.media-amazon.com/images/I/511LXRAxI+L._SS522_.jpg,4,Home
"Montessori Learning Toddler Tower, Foldable Toddler Step Stool Kitchen Stool Helper for Kids, 4 in 1 Toddler Kitchen Step Stool Helper Standing Tower, Kids Step Stool with Chalkboard & Safety Rail","Wofafa Learning Toddler TowersLearning Montessori Children's Stool Natural WoodElevate the Curiosity and Creativity of Your Little OnesDiscover the Wofafa difference: Our meticulously designed learning toddler towers encourage autonomy and discovery in younger people. Whether it's the natural sturdiness of pine or the innovative convertibility of our towers, we offer the perfect solution for every home and every little explorer.Natural Pine Wood: Sturdiness and BeautyConstructed with high-quality pine wood, this Learning Toddler Tower is not only durable, but also an aesthetically pleasing piece. Its natural finish complements any space and promises years of use and exploration.Unprecedented Versatility: From Tower to Table in SecondsOur convertible towers are the perfect combination of functionality and design. Whether exploring from the heights or sitting down and immersing yourself in creative activities, the options are endless. Choose from elegant shades of light gray or white to fit perfectly into your home.MONTESSORIA LEARNING TODDLER TOWER WOOD CHILDREN'S STEPS TOABURETE CHILDRENDesigned with Love, Built to ProtectCHILDREN'S LEARNING TODDLER TOWER TODDLER STEP STOOL",79.99,78,https://m.media-amazon.com/images/I/51n9ojprZEL._SS522_.jpg,4,Home
"PAK HOME Set of 2 High Gloss Brown Marble Look End Tables Round Wood Sofa Side Coffee Tables for Small Spaces, Nightstand Bedside Table for Bedroom, Living Room, Office",,109.99,61,https://m.media-amazon.com/images/I/51u3oxvEiSL._SS522_.jpg,4,Home
kukli kitchen Spring Door Mat 30 X 17 Inch - Spring Floral Welcome Doormat Indoor Outdoor Entrance Patio Floor Mat Non Slip Durable Spring Decor Rubber Mats,,19.99,95,https://m.media-amazon.com/images/I/61rRHgR+aEL._SS522_.jpg,4,Home
"Dewhut Oversized Pumpkin Couch Accent Chair, Modern Comfy Velvet Upholstered Barrel Chairs, Luxury Single Sofa Armchair for Living Room, Waiting Room, Office and Vanity, (Navy)",,219.99,53,https://m.media-amazon.com/images/I/519KoH2aW4L._SS522_.jpg,4,Home
Toland Home Garden 800009 Gypsy Garden Flower Door Mat 18x30 Inch Outdoor Doormat for Entryway Indoor Entrance,Toland Home Garden 800009 Gypsy Garden Flower Door Mat 18x30 Inch Outdoor Doormat for Entryway Indoor Entrance,22.98,95,https://m.media-amazon.com/images/I/61gTdPHg5QS._SS522_.jpg,4,Home
"Sintosin Vintage Oval Mirrors for Wall Decor 11 inch, Hanging Farmhouse Wood Entryway Mirror, Distressed White Rustic Scalloped Mirror Wall Decor, Ornate Accent Sculpted Mirror for Living Room",,22.99,40,https://m.media-amazon.com/images/I/41NiOP0+4jL._SS522_.jpg,4,Home
"BEWISHOME Vanity Stool, Bedroom Vanity Chair with Upholstered Seat, Desk Stool Piano Stool Soft Cushioned Stool, Square 18” Height Makeup Bench, Piano Bench Vanity Bench Capacity 300lb Black FSD06H",,59.99,33,https://m.media-amazon.com/images/I/410emoPl2kL._SS522_.jpg,4,Home
"Children's Factory School Age High Back Lounger Kids Bean Bag Chair, Flexible Seating Classroom Furniture for Homeschools/Playrooms/Daycares, Blue/Red","A new take on the popular bean bag chair. High-Back Seating offers extra comfortable seating for one's reading enjoyment! The covers have double stitched seams for maximum durability. A fun solution for quiet time reading corners and rest areas. The flexible shape makes these chairs comfortable, easy to transport and easy to store. Replacement beads are available for purchase.",,50,https://m.media-amazon.com/images/I/51ORnRyifRL._SS522_.jpg,4,Home
"FLYJOE Shoe Rack Bench, 3-Tier Freestanding Wooden Shoe Organizer with Seat, Entryway Bench, Storage Shelf for Kitchen Living Room Bathroom Bedroom, Walnut",,39.99,53,https://m.media-amazon.com/images/I/51WQiiIyuSL._SS522_.jpg,4,Home
"FLYZC Counter Height Bar Stools Set of 4, Stools for Kitchen Island Set of 4, 24 Inch Counter Height Stools Saddle Barstools Stools for Kitchen Counter Pub Bar Dining Room Support 300 LBS(Grey)",,219.99,38,https://m.media-amazon.com/images/I/51jw0SXQMWL._SS522_.jpg,4,Home
SITMOD Gaming Chairs for Adults with Footrest-Computer Ergonomic Video Game Chair-Backrest and Seat Height Adjustable Swivel Task Chair with Lumbar Support(Gray)-Fabric,,179.0,45,https://m.media-amazon.com/images/I/41bntfm39UL._SS522_.jpg,4,Home
"CM Cosmos Stuffed Animal Storage Bean Bag Chair Stuffable Zipper Beanbag Stuff and Sit Bean Bag for Organizing Soft Plush, Size 22.5'', with Handle","Stuffed Animal Storage Bean Bag Chair Stuffable Beanbag Stuff and Sit Bean Bag for Organizing Soft Plush, Size 22.5'', with Handle.This storage chair can be used for Storage stuffed animals, towels, out grown clothes, extra blankets and pillows and more, creating a fun bean bag chair. Also, it's a great way to add seating to your room while storage.",11.77,31,https://m.media-amazon.com/images/I/41XEtwrKqoL._SS522_.jpg,4,Home
"Cionyce 4 Pcs Sectional Couch Connectors, Pin Style Furniture Connector Sectional Sofa Connector Bracket(Black)","Cionyce is a company that pursues high-quality products and takes pride in customer satisfaction, and strives to provide the safest, most satisfactory and most convenient shopping experience for our customers. 4 Pcs Sectional Couch Connectors, Pin Style Furniture Connector Sectional Sofa Connector Bracket(Black) Specification Color: Black Design: Pin Style Mounting Hole Distance: 2 inches (52mm) Package Contains 4 x Sectional Couch Connectors Why Choose Cionyce? Sofa interlocking connector is reliably connects the modular sofa together, reducing the trouble of your sofa sliding and keeping your sofa neat and consistent. Our sofa connectors are easy to operate, quick to install or remove, compatible with most sofas and ideal for sofa replacement parts. Excellent after-sales guarantee: We provide you with comprehensive after-sales service. No risk. If you have any questions, we will patiently answer them for you. If you are not satisfied with our products, please let us know. We promise to give you 100% satisfactory after-sales service.",11.79,62,https://m.media-amazon.com/images/I/41sejv2mO6L._SS522_.jpg,4,Home
"Tiita Saucer Chair with Ottoman, Soft Faux Fur Oversized Folding Accent Chair,Lounge Lazy Chair, Metal Frame Moon Chair for Bedroom, Living Room, Dorm Rooms, Garden and Courtyard",,139.99,54,https://m.media-amazon.com/images/I/51C5YkDdUyL._SS522_.jpg,4,Home
Grandmother Birthday Gifts Compact Makeup Mirror for Glamma for Grandma Grandma Gifts from Grandchildren Folding Makeup Mirror for Nana Christmas Thanksgiving Gifts,,9.99,49,https://m.media-amazon.com/images/I/417J95lDDaL._SS522_.jpg,4,Home
"GIA 24-Inch Counter Height Square Backless Metal Stool with Holstein Cow Print Upholstery, Black, Qty of 2","Show your wild side with GIA’s colorful and bold animal print bar stools with footrests. Each black metal bar stool is rectangular and features a colorful animal print upholstery. GIA’s colorful and wild print bar stools are an idea for adding to a kitchen counter, bar, island, or in any room that needs to show off its wild side. Choose from the mesmerizing Zebra print, classic black and white Holstein cow print, traditional brown and white Ayrshire cow print, and striking leopard print. Each metal bar stool has a black frame with a footrest. The 24-inch height makes these stools pair well with 35 to 37-inch table heights. Some minimal assembly is required.",42.49,83,https://m.media-amazon.com/images/I/414M2Vz5YjL._SS522_.jpg,4,Home
Vintage Desktop Apothecary Cabinet with 3 Drawers - Solid Wood Medicine Cabinet for Tabletop - Rustic Card Catalog Drawers with Label Holders - Desktop Chest Drawer for Storage and Organization,,54.99,17,https://m.media-amazon.com/images/I/41yz4PMNd0L._SS522_.jpg,4,Home
"WAYTRIM Dresser Storage Tower, 4 Fabric Organizer Drawers, Wide Chest of Drawers for Closet Boys & Girls Bedroom, Bedside Furniture, Steel Frame, Wood Top, Fabric Bins, Easy Installation (Camel)",,,53,https://m.media-amazon.com/images/I/41DfHAtQUKL._SS522_.jpg,4,Home
"Power Recliner Power Supply Kit-4-Piece Universal Dual Power Supply Transformer with AC Power Cord, DC Extension Cable and Y Splitter Cord 29V 2A Adapter for Recliner, Lift Chairs and Sofa",,24.99,40,https://m.media-amazon.com/images/I/51N6Zq4kxxL._SS522_.jpg,4,Home
"Anna Stay Wine Rack Wall Mounted - Decorative Wine Rack with Wine Glass Holder, Wall Mounted Wine Rack inc Cork Storage & Wine Charms, Wine Gifts with Wine Bottle Holder for Wine Decor","Gold Wine Rack Home decor to kit Keep a deliciously bold red or fresh, crisp white wine within reach of dinner with a premium wine bottle holder from Anna Stay Whether you love a good bottle of white wine with dinner now and again, or you’re a true wine enthusiast, you want a smart and decorative way to keep your bottles, glasses, and system organized and trendy. That’s why we created this Anna Stay Wine Glass Holder  universal wine bottle holder, complete with cork storage section, that makes it a great addition to your kitchen, dining room, or living space. Make Unforgettable Memories More than style and functionality, these cute wine holders help bring people together to share their love of wine and great stories to create unforgettable memories. A wonderful addition to holiday parties, intimate holiday gatherings, and special occasions in your life, get one today and always keep the good times going strong. Exclusive Design These premium wine bottle holders were designed by artist Anna Stay, who understands the careful balance between style, function, and convenience. A beautiful piece that comes with the words “Wine” on the front, you’ll love mounting it in your kitchen ,dining room or your home wine bar. Product Details:Decorative Wine Holder Holds Standard-Sized Bodies Heavy-Duty Black Metal Finish Easy to Mount Two Style Variations: Wine or Home Includes 4 Wine Glass Holders and Cork Tray One Full year ,no questions asked, product warranty Get this versatile wine bottle holder now by clicking ‘Add to Cart’ above and enjoy the style and functionality it offers for the modern kitchen or home.",,35,https://m.media-amazon.com/images/I/51K1wX04DXL._SS522_.jpg,4,Home
"Lufeiya Small Computer Desk with 2 Drawers for Bedroom, 31 Inch Home Office Desk with Storage Fabric Drawer and Bag, Study Writing Table for Small Spaces, Rustic Brown",,67.9,51,https://m.media-amazon.com/images/I/41zNNJV-QUL._SS522_.jpg,4,Home
"Watson & Whitely Swivel Bar Stools Set of 2, Fabric Upholstered Counter Height Barstool with Back, 26"" H Seat Height Counter Stools with Solid Wood Legs (White (Multi-Colored))",,,83,https://m.media-amazon.com/images/I/41IWqaJGuWL._SS522_.jpg,4,Home
"Adeco Large Square Storage Ottoman Bench, Tufted Upholstered Coffee Table Footstool Footrest with Wood Legs for Living Room Bedroom, Orange Brown",,,44,https://m.media-amazon.com/images/I/31HEdjZpCbL._SS522_.jpg,4,Home
"New Classic Furniture Evander Wood End Table with Drawer and Storage, Two Tone Cream/Brown","The Evander End Table with Drawer is the perfect way to add a touch of luxury to your home. This beautiful piece features a solid wood top with a wood grain finish, wood legs, and removable silver hardware. The drawer is perfect for storing small items or displaying your favorite photos. The clean lines and simple design make this end table a great addition to any room.",,60,https://m.media-amazon.com/images/I/51TJVV3sRqL._SS522_.jpg,4,Home
"Lipper International Wooden Storage Crate, white 14"" x 12 1/2"" x 11""","Lipper International provides exceptionally valued items for the kitchen, Home, office, and child's playroom. Known for their functionality and beauty, each of our products is individually crafted from the finest quality materials. Use this wooden storage crate in the kitchen, pantry, bedroom, or garage to organize clothes, tools, gadgets and more! Hand wash only.",50.0,100,https://m.media-amazon.com/images/I/31MZPtCF0RL._SS522_.jpg,4,Home
"Amazon Basics Kids Adjustable Mesh Low-Back Swivel Study Desk Chair with Footrest, Red",An Amazon Brand,,84,https://m.media-amazon.com/images/I/41bsjzUI6NL._SS522_.jpg,4,Home
"Joovy Coo Bassinet, Portable Bassinet with Storage, Rocking Playpen, Gray","Because it's still your house, for crying out loud. The Coo does everything it's supposed to, and still looks stylish in any space. The top half of the Coo functions as a bassinet for babies up to 15 lbs. Once they start pushing up on their hands and knees, it's time to switch to the playpen. The premium breathable fiber mattress provides maximum comfort for your little ones. While you're using the bassinet portion of the Coo, you can unzip the side panel of the lower portion and use it to store diapers, blankets, and anything else you need for baby. When your baby outgrows the bassinet, just unzip the top portion of the Coo and move the mattress to the lower level to turn it into a playpen, safe for children up to 35"" tall (or until they can climb out). With breathable mesh fabric, the Coo is safe for newborns, and makes it easier to keep an eye on your baby. When things get messy, don't sweat it - the Coo's mattress cover is removable and 100% machine washable.  Safety tested by our team to be 100% flame retardant chemical free - because what your baby sleeps on matters.",259.99,33,https://m.media-amazon.com/images/I/41UOfS3JmkL._SS522_.jpg,4,Home
"Halatua 6ftlarge Fur Bean Bag Cover Lazy Sofa Chair Living Room Large Circular Soft Fluffy Artificial Fur unfilled Bean Bag (SnowBlue, 7FTD70.8inchH35.4inch)",Soft Bean Bag Sofa Cover(NO Filler)Super Large Lazy Sofa Cover For family,,55,https://m.media-amazon.com/images/I/51-utQ4pnbL._SS522_.jpg,4,Home
"Flash Furniture Walker Small Rustic Natural Home Office Folding Computer Desk - 36""","Get into a normal work from home routine by setting up a dedicated office space to perform your work duties instead of the dining room table. When you need something simple and functional this folding computer desk is at your service. Setup your desktop or use as a laptop table. If you're short on space this foldable desk folds to 2.75"" depth to store behind your sofa. This attractive industrial style desk is highlighted by light and dark colored variations. Create a school environment at home for your remote learning student. This student desk can be used in the home or dorm room. The industrial style desk can be your all-in-one creative space for work, play and meals.",111.0,10,https://m.media-amazon.com/images/I/31QOFqtaHJL._SS522_.jpg,4,Home
BOKKOLIK Vintage Bar Stools Swivel PU Seat 29-37inch Height Adjustable Extral Tall Bicycle Stool with Bikepedal Kitchen Island Counter Stool Shop Chairs,"Set of 2 Industrial Swivel Bar Stool-Extra Tall Bar Height Stool-Kitchen Dining Chair-Pedal Design-29-37inch Adjustable Description:This is a unique vintage industrial style bar stool, is made of Solid Wood and Cast Iron. Features bike pedals and bike chain details, adds an element of industrial chic to your kitchen or bar area. Spacious solid wood seat perched atop bicycle wheel, creates a comfortable place to sit. Meanwhile, two fixed bike pedals providing a cozy footrest spot to relaxing your feet. With its adjustable height and swivel seat, easily meet bar height or kitchen island, enable you to enjoy your leisure time and delicious meals with this specially designed bar stool.  Style:Rustic/Vintage/Retro/Industrial/Chic/Antique  Specifications:-Color: Silver -Material: Leather + Iron Steel Craft: Powder Coating  -Seat Height:74-95cm/29”-37”, -Seat Top Diameter: 35 cm / 13.7"".Seat Top Thickness:5cm/2inchChair Weight:9.5kg/21lbs Suitable Bar Table Height:41-47inch- Load Capacity: 150kg / 330 lb.,  Craft: Anti-rust Anti-scratch rubbers Powder coated cast iron Unique Bike/Bicyle Design, Pedal as Footrest Package: -Bar Stoolx2;  -Hardware bagx1;  -Assemble instructionx1 Tips: Chain of the bar stool has been installed for you!  The crank of the pedals has been welded as a footrest and cannot be rotated. There are L and R,engraved on the pedals. -Tighten the pedal (R) on chain wheel side clockwise; -Tighten the pedal (L) counterclockwise on the crank side.  Note:  Due to light problems, products and pictures may have a slight color, please prevail in kind",237.0,20,https://m.media-amazon.com/images/I/41PjcPoHTLL._SS522_.jpg,4,Home
"Nalupatio Storage Ottoman, Bedroom End Bench，Upholstered Fabric Storage Ottoman with Safety Hinge, Entryway Padded Footstool, Ottoman Bench for Living Room & Bedroom(Light Green)",,64.9,15,https://m.media-amazon.com/images/I/31+6K0TbdpL._SS522_.jpg,4,Home
"Homevany Bamboo Wine Rack,4 Tier, Wine Bottle Holder, Hold 16 Bottles for Home Kitchen, Dinging Room, Pantry, Cabinet, Bar",,29.99,85,https://m.media-amazon.com/images/I/51DO5hfgdKL._SS522_.jpg,4,Home
"Armen Living Julius 30"" Cream Faux Leather and Walnut Wood Bar Stool","The Julius 30"" Cream Faux Leather and Walnut Wood Bar Stool from Armen Living is the perfect stool to introduce into your already beautiful home. The Julius features a swivel function that allows you to turn 360-degrees, offered for your convenience! The open seat back and wide seat cushion gives you exceptional room and comfort. The Julius frame is crafted to be stable, sturdy, and, strong - also designed with a built-in metal footrest! The Julius is available in your color choice of grey, cream, or brown faux leather with walnut wood or grey faux leather with black wood. Product Dimensions: W:18 x D:19 x H:41 x SH:30",,32,https://m.media-amazon.com/images/I/31v34T0kgnS._SS522_.jpg,4,Home
"WONSTART Vanity Mirror with Lights, 50 x 41cm Hollywood Lighted Makeup Mirror with 15 Dimmable Lights, Make up Mirror with Lighting, Wall Mount or Tabletop Mirror for Bedroom (Silver)",,69.99,65,https://m.media-amazon.com/images/I/41k7g8oo6bL._SS522_.jpg,4,Home
Cpintltr Velvet Foot Rest Stool Multipurpose Dressing Stools Upholstered Round Storage Ottoman Modern Soft Vanity Chair with Memory Foam Seat Dusty Pink,,42.99,94,https://m.media-amazon.com/images/I/51K84REZCGL._SS522_.jpg,4,Home
"uxcell Shredded Memory Foam Filling, 10 Pounds Bean Bag Filler Foam for Bean Bag Chairs, Cushions, Sofas, Pillows and More - Multi Color","Description:1. Our Shredded Memory Foam is made from a lightweight, anti-static, and highly elastic memory sponge material that offers excellent breathability, moisture absorption, and insulation properties.2. The shredded memory foam filling gives our products a unique and stylish appearance, adding a touch of modern elegance to any room. The fluffy texture of the foam filling creates a comfortable atmosphere that's perfect for relaxing.3. Our 10-pound compressed memory foam can expand to approximately 4 cubic feet, providing enough filling for two pillows, one large dog bed, or two small dog beds. The compressed packaging allows for easy storage and transportation, making it a convenient choice for any home.4. Versatile Usage: Our Shredded Memory Foam is a great addition to any household. It can be used to fill bean bags, pet beds, pillows, cushions, and stuffed items, providing a comfortable and safe environment for your family and pets. It's also great for making crafts and home decor items.5. Our Shredded Memory Foam filling is adjustable, allowing you to customize the height and firmness of your pillows, cushions, and bean bags to your like. Simply remove or add filling as needed to achieve your desired level of comfort.Specification:Item Name: Shredded Memory FoamMaterial: Soft memory foamColor: Multi Color Shape: Mix various irregular shapesWeight: 5lbs/pcs can expandable to 2 cubic feet volumePackage: 2pcs shredded memory foam",37.49,25,https://m.media-amazon.com/images/I/51i6LeHlc9L._SS522_.jpg,4,Home
"FAMSINGO Ergonomic Mesh Office Chair, High Back Comfortable Desk Chair with Adjustable Lumbar Support, Headrest and Flip-up arms, Wide Memory Foam Seat, Executive Swivel Chair(Black)",,169.99,94,https://m.media-amazon.com/images/I/41Jm-GtY+5L._SS522_.jpg,4,Home
"Serta Style Hannah II Office Chair, Harvard Pink Microfiber","Add a touch of modern style to your workplace with this comfortable office chair from Serta. This plush desk chair is upholstered in microfiber fabric and features layered body pillows that keep you cradled in comfort while working or gaming. It has a contoured lumbar design to provide your lower back with exceptional support. This ergonomic office chair also offers a pneumatic seat-height lift, a recline mechanism, and adjustable tilt tension. This Serta office chair is built to last with a heavy-duty five-star base and durable multi-surface casters.",,37,https://m.media-amazon.com/images/I/41XQ7R6j7lL._SS522_.jpg,4,Home
"Christmas 3D Illusion Doormat, Non-Slip Visual Door Mat,3D Stereo Floor Mat for Christmas Decoration Indoor and Outdoor, Hallway, Entrance, Kitchen, Bathroom(50 * 80/60 * 90CM)","Doormat three-layer design The top layer is made of soft velvet, the middle layer is made of water-absorbing diatomaceous foam,  and the bottom layer is made of non-slip silicone rubber. Three advantages of door mats 1.For thickening the simplesense of carpet, the gluedot printing technologyof wear-resisting was used in the back of carpet 2.The printed surface of the carpet is called the crystalin the suede, which is delicate. and soft. The 3D pattern isclear and has a sense ofsubstitution. 3.The edges of the carpet arestitched together to keep theedges from fraying",24.99,54,https://m.media-amazon.com/images/I/51uOa02x4HL._SS522_.jpg,4,Home
"Narrow Console Table with Power Strips, Sofa Table with Storage Shelves for Living Room, 2-Tier Foyer Table for Entryway, Hallway, Behind Couch, Kitchen Counter, 39'', Black & White",,66.99,57,https://m.media-amazon.com/images/I/51FRxl-qgFL._SS522_.jpg,4,Home
"AnRui Folding Floor Chair with Adjustable Back Support, Comfortable, Semi-Foldable, and Versatile, for Meditation, Seminars, Reading, TV Watching or Gaming, Suitable for Home Or Office",,52.99,76,https://m.media-amazon.com/images/I/51iuIrMVq+L._SS522_.jpg,4,Home
"sogesfurniture 5 Tier Free Standing Wooden Shoe Storage Shelf Shoe Organizer, 29.5 inches Shoe Rack Shoe Organizer Storage Cabinet for Entryway, Living Room, Hallway, Doorway, Black",,,67,https://m.media-amazon.com/images/I/51j2v3ij2uL._SS522_.jpg,4,Home
"fengxiaomin-Plastic Bed Slat End Caps Holders Plastic End Caps Holders Plastic Black End Caps Holders Suitable for Single, Double, King and Queen beds (55mm*9mm Black) -12pcs","Specifications:Product name: plastic bed plate end cap fixatorMaterial: PlasticSize: 55*9mm/2.2*0.4inchColor: BlackHigh quality slatted covers are ideal for replacing any broken or missing slatted covers, and you can easily replace damaged ormissing slatted supports and save money. The plastic bed end cap retainer is mounted on the side and middle support rail of the bed frame using two pins, which you can attach to the bed frame using pre-drilled holes to hold it firmly in place. The plastic bed end cap retainer is suitable for single, double, king and queen-size beds and can be fixed to the bed frame.Package includes: 12 plastic bed end cap retainersWarm reminder:Dimensions are measured manually and may be slightly inaccurate.There may be slight differences in color due to different screen displays.",8.59,47,https://m.media-amazon.com/images/I/41gvi7RjrZL._SS522_.jpg,4,Home
"MoNiBloom Massage Gaming Recliner Chair with Speakers PU Leather Home Theater Seating Single Bedroom Video Game Sofa Recliners Ergonomic Gaming Couch with Detachable Neck Support and Footrest, Green",,,85,https://m.media-amazon.com/images/I/41Md8gR4YYL._SS522_.jpg,4,Home
"SUNSLASH Wall Mounted Mirror, Arched Wall Mirror for Bathroom, 36""x24"" Arch Bathroom Mirror with Metal Frame, Black Vanity Mirror Decor for Mantle, Bedroom, Entryway, Living Room",bathroom mirror for wall,69.99,97,https://m.media-amazon.com/images/I/41nGiqXS+5L._SS522_.jpg,4,Home
"Allied Brass Carolina Crystal Collection Frameless Oval Tilt Beveled Edge Wall Mirror, Antique Brass","Add a beautiful focal point to your bathroom with this elegant and practical Carolina Crystal Collection wall mounted tilt mirror with crystal accents. With its classic traditional style, this frameless mirror adds a decorative look to the sink area. Mirror mounts easily and tilts to accommodate adjusting viewing angles for people of any height. Sure to be a welcomed addition to any bathroom, this beautiful mirror with the added sparkle of crystal is extremely attractive and very useful.",,42,https://m.media-amazon.com/images/I/21+UCtQ6p9L._SS522_.jpg,4,Home
"Home Source 40.7' Elegance Bar Server and Wine Glass Cabinet, 12-Bottle Wine Rack, Rollers for Mobility, and Interior Drawer (Walnut)",This elegant bar server adds modern style and understated elegance to any contemporary lounge or dining room. It provides ample shelf and storage space for beverages.,349.0,47,https://m.media-amazon.com/images/I/41nYPK8XbrL._SS522_.jpg,4,Home
"Shintenchi 60"" Small Loveseat, 3 in 1 Cute Convertible Sofa Bed, Modern Futon Recliner Sleeper w/2 Cup Holder, Upholstered Folding Couch for Small Space, Dark Gray","Still looking for a tiny sofa for watching TV, a recliner for relaxing, a sleeper for napping, but still worrying about no more space left? Our Shintenchi Convertible sofa bed would be your perfect choice! The backrest can be adjusted in to 3 different position, means that you will get a sofa, recliner and sleeper at the same time. Also the tiny size will never take up too much space! It’s a wonderful choice for small areas. The modern outlook make it suitable for various decor styles. And we provide 6 different choice as you like. The breathable and skin-friendly velvet fabric is comfortable enough even for long time sitting! After you receiving the package, please find the legs and hardware in the fabric pocket at the bottom of the sofa, they are definitely not missing.",,86,https://m.media-amazon.com/images/I/41SkpIbGdQL._SS522_.jpg,4,Home
"King Mattresses Bag for Moving Storage Protector, Waterproof Reusable Mattress Cover with Heavy Duty 8 Handles Water Resistant Zipper Closure and 2 Adjustable Straps, Bright Blue",,43.99,36,https://m.media-amazon.com/images/I/41ye8pFDZ9L._SS522_.jpg,4,Home
"sawsile Asymmetrical Wall Mirror,Unique Gold Vintage Baroque Vanity Mirror,18.7x24 Mid Century Modern Decor Irregular Mirror for Living Room, Bedroom,Bathroom","Irregular Mirror Wall Decor,Wood Asymmetrical Bathroom Mirror,Nature Modern Vanity Mirror for Bedroom,Living Room,Washroom :Material：iron/woodSize:20"" x 30""Color:naturePackage Include: 1pc Wall Mirror and 6 screwsWarm notice:1. This body mirror with hooks, which comes with Screws.2. Contact us firstly, if you have any problem. We will resolve it, exchange or refund.",59.99,87,https://m.media-amazon.com/images/I/41G-NEOXwfL._SS522_.jpg,4,Home
"Leather At Home, Decorative 13 Inch Rounded Pillow Handmade from Full Grain Leather - Chair Seat, Confortable Sitting for Round Wooden/Metal Stools - Bourbon Brown",,26.49,40,https://m.media-amazon.com/images/I/51ePbFDPNRL._SS522_.jpg,4,Home
"Hzuaneri Blanket Ladder Shelf for Living Room, Decorative Wood Quilt Rack with 4 Removable Hooks, 5-Tier Farmhouse Ladder Holder Organizer for Bedroom, Rustic Brown 02101BBR",,42.99,99,https://m.media-amazon.com/images/I/31XETwaX0WL._SS522_.jpg,4,Home
"9 Inch lighted magnifying mirror with Adjustable Height, Double Side 1x/10x Magnifying Mirror with Light, 360°Swivel Vanity Mirror with Stand Brightness Adjustable Travel Cosmetic Mirror (Nickel)",,75.99,60,https://m.media-amazon.com/images/I/41j2FBzCCJL._SS522_.jpg,4,Home
"shopperals Large Black Fogless Handheld Shaving Mirror with Ergonomic Handle -Perfect for Men and Women, 9"" x 13’’","ANTI-FOG: Say Goodbye to Fogged-Up Mirrors with Our Anti-Fog Coated Mirror. Enjoy Uninterrupted Clarity in the Steamiest Showers. The Coding Could Last 6 Months or Longer. Larger Handheld Mirror: Featuring a Reflective Area of 9"" x 8"" with a Total Length of 13"" (Including Handle). Ergonomically Designed Round Handle: Lightweight and Easy to Hold for a Flawless Shave. We Believe You Deserve the Best, and in Our Opinion, This Is It. Experience Unbeatable Quality: Our mirror is designed with a sturdy frame crafted from thick, high-quality plastic. This ensures exceptional durability and prevents any flimsiness, so you can rely on it for long-lasting and reliable performance. Hassle-Free Assurance: If your mirror arrives broken, we offer a free replacement with no return shipping required. Just contact us and we'll take care of the rest.",14.95,100,https://m.media-amazon.com/images/I/413+UE2HxQL._SS522_.jpg,4,Home
"Convenience Concepts French Country Desk, Driftwood / White","The French country desk is the perfect way to brighten up any home office or even dorm room. The 36 inch workspace is the perfect size for any project and the keyboard tray allows for easy storage. With easy assembly, and lots of leg space you'll enjoy it for years. Available in multiple finishes.",,98,https://m.media-amazon.com/images/I/21Xa4sH6hPL._SS522_.jpg,4,Home
"FurnitureR 27''H Round Drawer 2 Tiers Endtable Nightstand Shelf for Living Room Bedroom Balcony, Easy Assembly end Sofa Side Table with Storage, Green and Brown",,,35,https://m.media-amazon.com/images/I/51VXthftc3L._SS522_.jpg,4,Home
Flash Furniture Contemporary Red Vinyl Rounded Orbit-Style Back Adjustable Height Barstool with Chrome Base,"Simple meets significant in this sleekly rounded, red orbit-style back adjustable height bar stool. The forward thinking design and curvy silhouette make this adjustable stool a perfect complement to any room. The orbit shaped back support and round seat of this dual use stool is upholstered in a durable, easy to clean vinyl upholstery. The height adjustable swivel seat adjusts from counter to bar height with the handle located below the seat. The chrome footrest supports your feet and relieves pressure from your legs while also providing a contemporary chic design. To help protect your floors, the base features an embedded plastic ring.",,25,https://m.media-amazon.com/images/I/41OOyTZhTzL._SS522_.jpg,4,Home
"Stylish Camping Ming's Mark RC4 Reversible Classical Patio Mat - 8' x 20', Green/Beige","This reversible outdoor mat is designed for home patio or garden, creating your RV outdoor space, afternoons in the park or days at the beach. Sweep clean with a broom or spray clean with water. Woven polypropylene dries quickly'. Coated with UV protection to resist sun damage and fading. Corner loops can be staked to hold it in place. Folds easily for storage in the included carrying bag. Note: Viewing colors on the internet can be difficult. Different monitor and screen settings may not represent exact color hues. We do our best to represent the colors as accurately as possible. UPC: 837654533673.",0.6,62,https://m.media-amazon.com/images/I/515xhjtnk0L._SS522_.jpg,4,Home
"Christopher Knight Home Adelina Fabric Occaisional Chair, Light Lavendar","This deep seated occasional chair is perfect for adding a splash of color to your home while still providing extra seating when needed. Made with top quality material and featuring hand crafted detail work, This chair is a must have. Each stud and button was placed by hand; making any piece you buy a one of a kind.",,73,https://m.media-amazon.com/images/I/41FESwmeXbL._SS522_.jpg,4,Home
"ODK Small Computer Desk, 27.5 inch Desk for Small Spaces with Storage, Compact Table with Monitor & Storage Shelves for Home Office, Modern Style Laptop Desk, Pure White",,79.99,43,https://m.media-amazon.com/images/I/41meqsf8aqL._SS522_.jpg,4,Home
GOmaize Cute Wall Mirror with 4 Layers of Colored Petals 14 inchs Wall Hanging Flower-Shaped Mirror Boho Home Decor for Apartment Living Room，Bedroom&Bathroom Ideas （Blue）,"Gomaize wall mirror with flower-shaped decorative mirrors. The back has been equipped with a hook, which can be directly hung at the selected position. Flower-shaped mirrors can be arranged and combined freely. You can even buy multiple sets, so you can arrange and combine more freely. Add a chic, fashionable and minimalist interior appearance to the indoor space, which can be displayed in every room of your lovely home. The unique design provides a charming and mysterious atmosphere, integrating fashion and home decoration. Suitable for hanging on the wall. Put it in your living room, bedroom, bathroom, baby room and any other place where you want to have a strong view。",22.99,32,https://m.media-amazon.com/images/I/417WwDOB5XL._SS522_.jpg,4,Home
"huester What are You Doing in My Swamp Door Mat 17""x30"" Decorative Home Farmhouse Indoor Outdoor Front Porch Door Mat,Funny Welcome Door Mat Decor,Housewarming Gifts","●ENTRANE WELCOME MAT:17X30 inches.Stylish design makes the mat looks great in any house. Suitable for exterior patio entry way, porch door, garage, garden, laundry room,toilet,living room,office entryway or indoor bedroom or kitchen doors. ●NON-SLIP RUBBER BASE:Our mats are made from linen and Non-toxic eco-friendly recycled rubber.They are great all year long, perfect for rainy, muddy and snowy days. ●SCRAP DIRT & EASY TO CLEAN:It can scrap off dirt, dust, grit, mud, grass or snow and absorb moisture from shoe. Simply vacuum the doormat with a hand-held vacuum, sweep with a broom, or shake off the doormat outside or over your garbage bin. For a deeper clean, the doormat is machine washable and can be placed in the dryer. We recommend to rinse using cold water and tumble dry on low ●GREAT GIFT: It is a ideal gift for families friends and neighbors,charming gifts for our Home. ●WARM TIPS: In order to prevent the product from creases during transportation, We use curl packaging. Our aim is to provide customers with a 100% satisfactory shopping experience.",12.99,85,https://m.media-amazon.com/images/I/51L59TyllJL._SS522_.jpg,4,Home
"Bedstory 3 Inch Queen Size Memory Foam Mattress Topper, Extra Firm Pain-Relief Bed Topper High Density, Enhanced Cooling Pad Gel Infused, Non-Slip Removable Skin-Friendly Cover, CertiPUR-US Certified",,59.99,97,https://m.media-amazon.com/images/I/516PONoRDrL._SS522_.jpg,4,Home
Toland Home Garden 800252 Birthday Bash Party Door Mat 18x30 Inch Balloon Outdoor Doormat for Entryway Indoor Entrance,"At Toland Home Garden, we believe in making mats that are bright and vibrant for all times of the year. We create our designer mats to be an enchantment to every season, an announcement for every holiday, and a declaration of your personal style year-round. Our Standard Mats and printed and pressed in the USA using creative, original artworks licensed exclusively for Toland. There are many great uses for our Standard Mats. Create an inviting entry way to welcome all your guests; use a variety of our seasonal designs to toast the holidays in every room of your house; place as a creative accent rug in any foyer. Your pets may even claim the mats as their new favorite spot to guard your house!  With hundreds of designs we have many beautiful mats to choose from so buy one as a treat for yourself or a couple as gifts for loved ones!",,25,https://m.media-amazon.com/images/I/51rfyHppFmS._SS522_.jpg,4,Home
"Asense Small Footstool Ottoman Set of 2, Faux Leather Upholstered Rectangular Footrest with Plastic Legs, Celadon",,49.99,95,https://m.media-amazon.com/images/I/31mK9NtBNHL._SS522_.jpg,4,Home
"PINGEUI 2 Packs 13 Inches Bamboo Step Stool, Non-Slip Bamboo Small Seat Stool, Durable Bamboo Footrest Bench with Storage Shelf for Bathroom, Bedroom, Kitchen","ABOUT US PINGEUI is committed to providing practical and affordable bamboo step stools. We are energetic to welcome every customer and enthusiastically provide customers with professional and useful product information. WHY CHOOSING US ? With a small size and a light weight, the bamboo one-step stool is portable. You can easily carry it from place to place.  The bamboo step stool is tightly fixed by screws and the storage shelf provides a reinforced structure. All necessary accessories are included for assembling the bamboo stool and they have been treated for rust prevention. The size of the small bamboo seat stool is 12.5 x 9.4 x 13.3 inches, and its max load-bearing capacity is 165 lbs. PRODUCT DETAILS:  Material: bamboo Color: natural wood color Size: 12.5 x 9.4 x 13.3 inches (L x W x H) Max load bearing capacity: 165 lbs PACKAGE CONTENTS: 2 x Bamboo Stool",33.99,80,https://m.media-amazon.com/images/I/41Y0vrrtp7L._SS522_.jpg,4,Home
"Poundex Y1553 Two Piece PU Round Shape Barstool Set, Black Adjustable Bar Stool","Reminiscent of a solar ring, this adjustable swivel barstool comes adorned in a faux leather with a silver pole frame and round base. Available in black and white. Features: Finish: Black material: Faux leather chrome base easy assembly and tools are all included specifications: Overall product dimensions: 38 "" h x 20 "" w x 18 "" d overall product weight: 34 lbs. adjustable seat height 24""-30"".",,51,https://m.media-amazon.com/images/I/31XVd1lG-zL._SS522_.jpg,4,Home
"SP-AU-Era Mirror cabinet storage box, cosmetics, lipstick storage rack, bathroom desktop organization box, storage box (blackish green)","Makeup Display Cases, mirror cabinet storage box, Stacking design ,home bathroom sink, cosmetics lipstick storage rack,Desktop storage box",15.0,97,https://m.media-amazon.com/images/I/61zDAVHDAfL._SS522_.jpg,4,Home
"Kavonty Storage Chest, Storage Bench, Retro Toy Box Organizer with U-Shaped Cut-Out Pull, 29.5"" L×15.7"" W× 17.7”H, Entryway Storage Bench with 2 Hinges,Supports 300 lb, Easy Assembly, Rustic Brown",,69.99,99,https://m.media-amazon.com/images/I/41YpXf+0X2L._SS522_.jpg,4,Home
"Barkan TV Wall Mount, 32-70 inch Full Motion Articulating - 4 Movement Flat/Curved Screen Bracket, Very Low Profile, Holds up to 88 lbs, Lifetime Limited Warranty, UL Listed, Fits LED OLED LCD",,65.64,100,https://m.media-amazon.com/images/I/41NgcrmTA7L._SS522_.jpg,4,Home
"danpinera Side Table Round Metal, Outdoor Side Table Small Sofa End Table Indoor Accent Table Round Metal Coffee Table Waterproof Removable Tray Table for Living Room Bedroom Balcony Office (Green)",,35.99,74,https://m.media-amazon.com/images/I/41fuboxDT3L._SS522_.jpg,4,Home
Dscabomlg Foldable Shoe Storage Plastic Vertical Shoe Rack Shoe Organizer for Closet Narrow Shoe Shelf Plastic-B,,12.99,46,https://m.media-amazon.com/images/I/41bq4r8uj5L._SS522_.jpg,4,Home
"ACCHAR Ergonomic Office Chair, Reclining Mesh Chair, Computer Desk Chair, Swivel Rolling Home Task Chair with Padded Armrests, Adjustable Lumbar Support and Headrest (White)",,99.0,78,https://m.media-amazon.com/images/I/413qdlao4pL._SS522_.jpg,4,Home
"ODK Small Computer Desk, 27.5 Inch, Compact Tiny Study Desk with Storage and Monitor Stand for Home Office, Small Spaces, Black",,79.99,58,https://m.media-amazon.com/images/I/41NmfAngKlL._SS522_.jpg,4,Home
"Front Door Mats by ZULINE,Entry and Back Yard Door Mat,Indoor and Outdoor Safe,Slip Resistant Rubber Backing,Absorbent and Waterproof,Dirt Trapping Rugs for Entryway,29.5 x 17 (Brown-Diamond)",,25.0,37,https://m.media-amazon.com/images/I/51+qRIvl1FL._SS522_.jpg,4,Home
"MyGift Modern Over The Door Towel Rack in Shabby White Washed Solid Wood and 3 Tier Matte Black Metal Bars, Space Saving Bathroom Storage Drying Towels Hanger",,34.99,94,https://m.media-amazon.com/images/I/515aoZQHoAL._SS522_.jpg,4,Home
"WEENFON Storage Cabinet with Doors and Shelves, Floor Storage Cabinet with Drawer, Accent Cabinet for Living Room, Hallway, Kitchen, Gray",,99.99,56,https://m.media-amazon.com/images/I/51F9Edov14L._SS522_.jpg,4,Home
"SOOWERY End Tables with Charging Station, Set of 2 Side Tables with USB Ports and Outlets, Nightstands with Storage Shelf for Living Room, Bedroom, Brown",,79.99,55,https://m.media-amazon.com/images/I/41x2Yzpw5aL._SS522_.jpg,4,Home
"Bednowitz Twin Box Spring，5 Inch Low Profile Metal Boxspring with Non-Slip Fabric Bed Cover, Sturdy Heavy Duty Steel Structure Bed Base, Noise-Free Mattress Foundation, Easy Assembly，Black",,99.49,27,https://m.media-amazon.com/images/I/51rTEhx3EAL._SS522_.jpg,4,Home
BOKKOLIK Industrial Bar Stools (Set of 2) Counter Height Adjustable 24-27.5inch Vintage Kitchen Island Stool Farmhouse Office Guest Chair Swivel Wooden Seat,"Characterized by art work high-quality wooden seat and Dark Metal Pipe. Easily matches various decoration style home, farmhouse or bar;  It applies sturdy and thick steel as frame, solid wood as seat top, quite sturdy and comfortable.  Seat can be rotated 360 degrees, with footrest function to relaxing your feet, provides a comfortable environment for guests. Height Adjustable from 24 inch to 30 inch, to meet no matter counter height, kitchen island height  You can sit on it to enjoy meals or drink at bar; Besides, it can provide extra seating for guests in holiday gathering, party etc.  Specification: Material: wood+ Iron frame;  Color: Brown+ Matte Black;  Chair Height: 62-77cm/24.4-30.3inch;  Seat Dia: 35cm/13.8inch;  Seat Thickness: 3cm/1.2inch;  Max Capacity: 150kg/330lbs;  Package List: 2 Set Bar Stools|1*Hardware Bag|1*Instruction;  DESIGN:  360 degree swivel Swivel Solid Wooden Seat Ring design footrest Adjustable foot plug Fully-Weld, easy to install and sturdy Occasion: Home/Kitchen/Dining Room/Living Room/Patio/Sun Room/Coffee House/Restaurant/Office/Meeting room /Pub Style Industrial, Vintage, Rustic, Antique, Chic, Steampunk, Farmhouse",95.2,45,https://m.media-amazon.com/images/I/41r1PM96rVL._SS522_.jpg,4,Home
"HOOBRO Over The Toilet Storage Cabinet, Mass-Storage Over Toilet Bathroom Organizer with Louver Door, X-Shaped Metal Frame, Space-Saving Toilet Rack, Easy Assembly, Rustic Brown BF431TS01",,86.99,22,https://m.media-amazon.com/images/I/41i8ryTI4hL._SS522_.jpg,4,Home
"Hanover Swivel Counter Height Bar Stool, White and Gray","Add a stylish focal point to your dining area with this counter height bar stool. The sturdy rubberwood frame is complemented by faux leather upholstered seat and back with nail head trim detail. The seats are foam padded, and chair backs are curved to encourage hours of comfortable seating. This bar stool features a steel memory return-swivel mechanism, bringing your stool to its original position after removing static weight. These stools can be easily coordinated with the existing decor in your kitchen, dining room, breakfast nook, or bar area.",,27,https://m.media-amazon.com/images/I/31039iD-MpL._SS522_.jpg,4,Home
"VECELO Modern Industrial Style 3-Piece Dining Room Kitchen Table and Pu Cushion Chair Sets for Small Space, 2, Retro Brown","VECELO Dining Table Set: Modern Industrial Style 3-Piece Dining Table Set 2 Chairs with Metal Legs for Kitchen, Dinette, Breakfast Nook Why Choosing VECELO Dining Table for 2? Cost Effective Reliable structure Space-saving Table and Chair Set Easy Clean-up Easy Assembly Friendly Customer-Service Specifications: Color:Brown Dimension:Table:29""Lx29""Wx30""H; Chair:16""Lx15''Wx 36""H Seating Capacity: 2 Material: Metal+PU/MDF Package Includes: 1 x Dining Table 2 x Chairs 1 x Instruction 1 x Accessory Bag Tips:  Please read the instruction carefully before assembly Ensure all parts and screws are firmly attached before use",,73,https://m.media-amazon.com/images/I/41rj5r2UFSL._SS522_.jpg,4,Home
"Tenkovic Metal Coat Rack Stand with Quartz Base, Coat Rack Freestanding with 8 Wooden Hooks, Easy to Assemble and Sturdy, Coat Rack Bionic Hall Tree for Home Entry-way Hat Hanger Organizer (Gold)",,,45,https://m.media-amazon.com/images/I/31N5mQxbhBL._SS522_.jpg,4,Home
"FANYE Oversized 6 Seaters Modular Storage Sectional Sofa Couch for Home Apartment Office Living Room,Free Combination L/U Shaped Corduroy Upholstered Deep Seat Furniture Convertible Sleeper Sofabed","️ Product Type: Modular sofa ️ Overall dimensions (Inches): (Width)112.6 * (Depth)56.7 * (Height)37.00 ️ ️ Detail Dimension--- ️ Seat depth: (Inches) : 25.2 ️ Seat Height - Floor to Seat (Inches):19.7 ️ Leg Height (Inches):3.9 ️ ️ Specifications--- ️ Cover Material: Corduroy Velvet ️ Filling: Independent spring pack ️ Frame type: Solid Wood + Plywood ️ Leg type: Plastic ️ Weight Capacity : 300 lbs ( per seat) ️ Assembly Required : About 40 Minutes ️ Product Warranty : 1 Year ️ Available in 2 colors： Dark Gray / Navy Blue ️ Four models available: 5/6/7/9 Seats ️ ️ Package Number: 6 ; (2+2+2) ️ Package A: 25.59 * 25.59 * 16.34 in. 36.6 lbs..; A*2 ️ Package B: 27.95 * 25.59 * 16.34 in. 45.64 lbs.; B*2 ️ Package C: 27.95 * 25.59 * 21.85 in. 56 lbs..; C*2 ️ ️ Notes--- ️ Manual measurement has been used, there may be some reasonable error ️ All the pictures are taken by actual samples, slight chromatic aberration may occur due to lighting or display.",,82,https://m.media-amazon.com/images/I/41MTr4ynO3L._SS522_.jpg,4,Home
"HOMSHO 2-Tier Storage Bench,Shoe Bench with Padded Seat Cushion, Entryway Bench with 2 Barn Doors,Adjustable Shelf, 27.6"" L x 13.8"" W x 17.7"" H, for Entryway, Living Room, Bedroom,White",,79.99,88,https://m.media-amazon.com/images/I/41Sq7pT7XML._SS522_.jpg,4,Home
"Realhotan 18 Inch Twin Bed Frame 3500 Pounds Heavy Duty Non-Slip Metal Slats Platform Mattress Foundation, No Box Spring Needed,Easy Assembly,Noise-Free,Black",,56.89,84,https://m.media-amazon.com/images/I/51+pTJO13KL._SS522_.jpg,4,Home
"Kwikset BTBNC1C Pfister Bath Hardware, 18"", Polished Chrome","If sleek and sophisticated are what you are looking for, the Pfister Contempra family is the perfect solution. This collection of bath fixtures incorporates clean, contemporary lines for a modern presence. Items of this collection include single handle bathroom faucets, 8 inch widespread bath sink faucets, vessel faucets, tub and shower faucets complete with shower diverter, roman tub trims and bathtub faucets, and bath tub spouts as well as a matching bathroom accessories and bath hardware. The assortment of bath accessories includes towel bars, towel rings, robe hooks and towel hooks, and tissue holders. All are available in Polished Chrome, Brushed Nickel, and Brushed Gold, and Matte Black. The faucets in this collection are deck mounted, but if you are looking for wall mount bathroom faucet options, the Pfister Kenzo collection contains an assortment of bathroom sink faucets and bathroom tub faucets in closed spout and waterfall faucet configurations. These wall mount tub faucets create a contemporary presence in any space with their angular forms. And, if you are looking for a tub faucet with hand shower, you will find this in the expansive Kenzo collection. For a unified look throughout your home, try pairing the Contempra bath collection with Pfister’s Stellen pull-down kitchen faucets that also have a modern, sleek profile.",,74,https://m.media-amazon.com/images/I/31A+awsgcPL._SS522_.jpg,4,Home
"MAHANCRIS End Table Set of 2, Side Table with 3-Tier Storage Shelf, Slim Nightstands, Small Bedside Table, Sofa Table for Small Space, Sturdy and Stable, Living Room, Bed Room, Rustic Brown ETHR8501S2",,39.99,57,https://m.media-amazon.com/images/I/41wsItqcjUL._SS522_.jpg,4,Home
"Moen MY3786CH Idora Single Post Bathroom Hand -Towel Ring, Chrome","Effortlessly elegant, the Idora collection offers a beautiful balance of curves and facets that add delicate detail to any bath. This collection is designed to complement any style, while delivering an exceptional experience, every time.",,18,https://m.media-amazon.com/images/I/41LVA3TodyL._SS522_.jpg,4,Home
"Roundhill Furniture Swivel Black Bonded Leather Adjustable Hydraulic Bar Stool, Set of 2","Hot, sleek and incredibly fashionable and fun, these Adjustable Swivel Stools are must have for the modern home! Set of 2, faux leather seat, air lift design for seat height of 24 to 30 inches",46.0,58,https://m.media-amazon.com/images/I/31VM2JhRDZL._SS522_.jpg,4,Home
"PINPLUS Storage Ottoman Bench, Linen Coffee Table Ottoman with Tray, Large Storage Bench with Wooden Legs, Toy Chest Foot Stools, Ottomans with Storage for Living Room Bedroom, White, 30"" x 15"" x 15""",,69.99,36,https://m.media-amazon.com/images/I/41gj8mVGFGL._SS522_.jpg,4,Home
"Red Co. 14 x 18 inch Large Decorative Frameless Beveled Edge Wall Hanging Mirror, Rectangular","Streamlined mirror with beveled edge, 5mm thick with rubber feet. Price is for one mirror only. MDF Backer with 3 black hangers, 2 screws and anchors, plus and 4pcs soft EPE round rubber feet included in small bag.",34.95,14,https://m.media-amazon.com/images/I/21M6+MAnWpL._SS522_.jpg,4,Home
PONTMENT Foot Stool Leather Footstool Solid Wood Vintage Foot Rest Faux Leather Ottoman Upholstered Footrest for Living Room/Sofa/Couch.,,95.99,43,https://m.media-amazon.com/images/I/51ElPbhgU7L._SS522_.jpg,4,Home
"Kingston Brass BA2714C Milano Towel-Ring, 6-Inch, Polished Chrome","Product Description   The Milano towel ring provides a stylish, convenient place to hang your hand towel. Pair with other accessories from the Milano Collection for a matching set. This Collection will aid in enhancing a modern theme.   From the Manufacturer   Aesthetic, Functional, Invites Visual Appeal. Design is Perfectly Co-Ordinated to Match the Accessories. Easy installation. Durable Brass Construction assures a lifetime performance. Timeless Design offered you with a solution for both premiere home decor and legendary durability. All products come with a generous product warranty. Many Hardware Accessories are made to match faucets to complete your home into a designer estate.",46.95,90,https://m.media-amazon.com/images/I/41X7yXWQ+PS._SS522_.jpg,4,Home
"Lazy Chair with Ottoman, Modern Lounge Accent Chair with Footrest, Pillow and Blanket, Leisure Sofa Chair Reading Chair with Armrests and Side Pocket for Living Room, Bedroom & Small Space, Grey","Lazy Chair with Ottoman and Pillow and Blanket. Modern Lounge Accent Chair with Armrests and a Side Pocket, Leisure Upholstered Sofa Chair Set",139.99,37,https://m.media-amazon.com/images/I/415U1ul6gpL._SS522_.jpg,4,Home
"latifolia Shoe Cabinet, Vintage Shoe Storage Cabinet with 2 Doors, 4 Tier Bamboo Shoe Organizer Cabinet for Entryway, Closet, Hallway",,,93,https://m.media-amazon.com/images/I/41Mst-29ZdL._SS522_.jpg,4,Home
"Jumweo Towel Racks for Bathroom, Metal Towel Rack Wall Mounted for Large Towels, Rolled Bath Towel Holder for Bathroom Wall, Bath Towel Storage Shelf with Wood Shelf for Small Bathroom",,19.98,91,https://m.media-amazon.com/images/I/411VfNriJEL._SS522_.jpg,4,Home
"Christopher Knight Home Gentry Bonded Leather Dining Chairs, 2-Pcs Set, Black","These Waldon chairs are beautifully crafted out of bonded leather and high-quality hardwood legs. They are a wonderful addition to any dining room with their neutral color and unique tufting on the backrests. The soft cushions and slightly arched backrests make for an enjoyable seat. In fact, these seats can function as additional seating for guests in any room. These traditional design dining chairs are stylish enough to fit in anywhere you can use them, and you will make full use of them!",110.24,26,https://m.media-amazon.com/images/I/412PrvRCw-L._SS522_.jpg,4,Home
BokWin 4 Sets No Mortise Bed Rail Fittings Wooden Bed Frame Connectors Metal Bed Rail Fasteners,"Specification:  Material: Iron Finish: Galvanized Angle Pieces: 83*22*22mm/ 3.27*0.87*0.87 inch (L*W*H) Flat Pieces: 88*15mm/ 3.46*0.59 inch Note:  Please allow 1-2mm error due to manual measurement, please make sure you do not mind before you bid. Due to the light of the picture and the display of the screen, the color of the picture may be slightly different from the actual object, please understand. 100% GUARANTEE SERVICE: Satisfying customers is BokWin's top priority. If you do not 100% satisfied with our products or if you have any questions, you can contact us anytime. BokWin would solve all the problems to your satisfaction. Free Replacement or Refund within 90days.",7.99,85,https://m.media-amazon.com/images/I/41ocbpXWJgL._SS522_.jpg,4,Home
"Simple Deluxe Gaming Chair, Big and Tall Gamer Chair, Racing Style Adjustable Swivel Office Chair, Ergonomic Video Game Chairs with Headrest and Lumbar Support","This gaming chair is multifunctional. The ergonomic computer chair with the high-density cushion seat, the high backrest and the wide armrests will become your favorite. Every single part of this chair can be adjusted to your height and body.",,66,https://m.media-amazon.com/images/I/41ZTMbqu1JL._SS522_.jpg,4,Home
OIGUMR Shield Wall Mirror Mirror Wall Decor Vintage Mirror (11.3 x 8.5 inch Gold),,16.99,91,https://m.media-amazon.com/images/I/41LSP7xb2qL._SS522_.jpg,4,Home
"ChooChoo Farmhouse End Table, Modern End Table with Storage Shelf, X-Design Side Table Living Room (White and Brown)","ChooChoo End Side Table, Modern End Table with Storage Shelf, X-Design Side Table Living Room",74.99,61,https://m.media-amazon.com/images/I/41P7V9O6gaL._SS522_.jpg,4,Home
"ZIYOO Twin Bed Frame 14 Inch High 3 Inches Wide Wood Slats with 2500 Pounds Support, No Box Spring Needed for Foam Mattress,Underbed Storage Space, Easy Assembly, Noise Free",,99.99,41,https://m.media-amazon.com/images/I/31dZ6tsbHOL._SS522_.jpg,4,Home
"MoNiBloom Set of 2 Plastic Barstools with PU Cushion, Height Adjustable White Bar Stools with High Backrest and 360° Swivel, Modern Counter Height Barstool for Kitchen Dining Room and Pub",,50.0,74,https://m.media-amazon.com/images/I/31fCq+IIEuL._SS522_.jpg,4,Home
KingCamp Stable Folding Camping Table Bamboo Outdoor Folding Tables Adjustable Height Portable Picnic,,,15,https://m.media-amazon.com/images/I/41Sc-GGZBeL._SS522_.jpg,4,Home
"Artistic Weavers Berma Knitted Jute Round Pouf 14""H x 20""W x 20""D, Slate","Outside: 100% Jute, Fill: 100% PolybeadsKnitted in IndiaOutdoor Safe: NoSize Dimensions: 14""H x 20""W x 20""DWeight: 7.5 Lbs.Colors: SlateIncredibly versatile, poufs can be used as additional seating, a footstool, or place a tray on it for a quick accent table.Spot clean or professional clean only.The Berma Knitted Jute Round Pouf is hand-knitted with 100% jute in India. Jute poufs make an easy addition to any space due to their natural aesthetic. Round poufs like this one work particularly well as extra seating in your home; and can be easily stored under tables so that they don't take up excessive space. Poufs can also double as an ottoman, offering a place to rest your feet or an additional tabletop.",130.0,13,https://m.media-amazon.com/images/I/51wZvzlzMDL._SS522_.jpg,4,Home
Dwellicity Hello Welcome Mat Black and Gray Striped Coir Mat,"Stylish gray white striped door mat greets you when you come back home!  100% raw coconut fiber coir doormat  This stylish, heavy duty coir doormat is the ideal welcome for every home! Each of our 100% natural coco fiber coir doormats features an inspirational design and are ethically sourced from our award-winning suppliers in Kerala, India. Each doormat is made from coconut husk which is densely packed, super strong and hard wearing – perfect for wiping off dirty boots and muddy paws!  Each of our coir doormats has undergone anti-shedding treatments to reduce the risk of the fibers shedding and making them highly effective for scraping off any dirt that may enter your home. Easy to clean, simply scrape off any mud, shake off the dirt or vacuum if required. If your doormat is wet, simply hang up to dry and air out, ready for its next use in no time! Grab yours today and protect your floors with our stylish 100% coco fiber coir doormat!",19.9,21,https://m.media-amazon.com/images/I/51nGbm-6b-L._SS522_.jpg,4,Home
"Lifewit 70.9"" Narrow Long Console Sofa Table with Metal Frame for Living Room, Industrial Entryway Table for Hallway Entrance Office Corridor Coffee Table Behind Sofa, Easy Assembly, Rustic Brown",,59.99,12,https://m.media-amazon.com/images/I/417XCOhUDgL._SS522_.jpg,4,Home
"Henn&Hart 20"" Wide Round Side Table with Mirror Shelf in Antique Brass, Table for Living Room, Bedroom","This Hollywood glam inspired side table is the perfect pick for your living room or den ensemble. The top is a transparent tempered glass perfect for placing a table lamp, remotes or your favorite books. The lower mirrored glass shelf plays off the tempered glass top. Its chic silhouette is neutral enough to work in any space.",,10,https://m.media-amazon.com/images/I/41+Mg7qmpYL._SS522_.jpg,4,Home
"klotski Kids Table and 2 Chair Set, Wood Activity Toddler Table and Chair Set with Storage, Children Table with Non-Slip Legs/Round Edge Design for Activity/Play/Art/Read/Craft",,125.99,83,https://m.media-amazon.com/images/I/41QhFgJUCgL._SS522_.jpg,4,Home
"Kraftware Grant Signature Home San Remo Pinecone Round Waste Basket, 10.75"", Brown","The Kraftware Grant Signature Home San Remo Collection Waste Basket in Pinecone sits atop bumpers to avoid any damaging bumps and tumbles. With a high quality color vinyl covering, waste is no match for this piece. Made in the USA, this trash recepticle is metal and built to withstand every day use. The San Remo Collection also includes a serving tray, an oval waste basket, 2-quart ice bucket, and 3-quart ice buckets in the eclipse color. This waste basket measures 11” H x 8” L x 8” W and is sold individually.",,42,https://m.media-amazon.com/images/I/419nFYjmvGL._SS522_.jpg,4,Home
"Alise Bath 3 Towel Bars,Towel Holder Towel Racks for Bathroom Wall Mount,Heavy Duty SUS304 Stainless Steel Towel Hanger Towel Rails,GK9603-B Matte Black,25-Inch",,41.99,69,https://m.media-amazon.com/images/I/41frWw+ttRL._SS522_.jpg,4,Home
"Round Mirror, Black Round Mirror 24 Inch, Round Wall Mirror, Round Bathroom Mirror, Circle Mirrors for Wall, Metal Framed Mirror for Bathroom, Vanity, Bedroom, Entryway, Hallway",,,28,https://m.media-amazon.com/images/I/41igYIRb2fL._SS522_.jpg,4,Home
"Gexpusm Wood Coffee Table, Natural Wood Coffee Table, Solid Wood Center Large Coffee Table for Living Room (Octagonal Coffee Table)",,149.99,99,https://m.media-amazon.com/images/I/51xwMLJtrtL._SS522_.jpg,4,Home
"Karl home Accent Chair Mid-Century Modern Chair with Pillow Upholstered Lounge Arm Chair with Solid Wood Frame & Soft Cushion for Living Room, Bedroom, Belcony, Beige","Karl home Accent Chair Mid-Century Modern Chair with Pillow Upholstered Lounge Arm Chair with Solid Wood Frame & Soft CushionThis modern accent chair provides a sturdy structure with a solid wood frame and allows you to enjoy private time with a high-sponge and breathable linen fabric cover of the cushion. Karl home armchair not only works functionally but adds exquisiteness to your space and creates a home feeling and elegant vibes. Ergonomically designed, a leisure sofa brings a place to get more comfort while watching videos, playing games, reading books, or relaxing in front of the fireplace.Specifications:1. Material: Solid Wood & Linen Fabric2. Color: Beige3. Dimensions: 25.6""L x 32.3""W x 29.5""H4. Weight Capacity: 330 lb / 150 kg5. Weight: 30.86lbs / 14kgPackage Includes:1 x Lounge Chair1 x Assembly Manual1 x Accessory Bag",149.99,55,https://m.media-amazon.com/images/I/51+a05Mxh+L._SS522_.jpg,4,Home
"Kottova Vanity Mirror with Lights,Makeup Mirror Tabletop,Hollywood Mirror with Phone Holder,9 LED Dimmable Bulbs, 3 Color Modes,Touch Control, 360 Rotation,Detachable 10X Magnification Mirror,Black",,25.69,56,https://m.media-amazon.com/images/I/41Z2VFHxc2L._SS522_.jpg,4,Home
"L.R. Resources Corcovado Metallic Braided Pouf Ottoman, 14"" x 20"", Grey/White","Level up your home decor game with this stylish and practical indoor pouf. Handmade in India, it features a unique blend of 50% cotton and 50% jute materials, creating a piece that is both soft and strong. Filled with EPS balls, the pouf provides excellent support and comfort, making it perfect for use as a seat or a footrest. The combination of striped and braided patterns adds visual interest, making it a standout addition to any space it occupies.",,63,https://m.media-amazon.com/images/I/51QokReEa1L._SS522_.jpg,4,Home
"GREENSTELL Coat Rack, Wooden Coat Rack Freestanding with Shelf, Coat Tree with 4 Height Options 50.5""-72.6"" for Clothes/Bag/Hats, Hanger Stand for Entryway/Living Room/Bedroom/Office, Black",,42.99,78,https://m.media-amazon.com/images/I/31lWN-XSfCL._SS522_.jpg,4,Home
"COLLECTIVE HOME Mail Organizer with Mirror, Wall Pocket, Wood Wall Hanging Decor, Wooden Mail Holder, Collect Beautiful Moments, Decorative Accent Mirror for Foyer, Bathroom, Bedroom. (Black)","【Buy It at Ease】If you have any questions, don’t worry, feel free to contact us, we will respond within 24 hours!",24.99,94,https://m.media-amazon.com/images/I/510ciQYiY4L._SS522_.jpg,4,Home
"Nightstand with Charging Station and LED Light, Side End Table with Glass Door, Modern Bedside Table for Bedroom, Living Room",,69.99,47,https://m.media-amazon.com/images/I/41Co0zmXyyL._SS522_.jpg,4,Home
"Kmitmuk 2 Pack Cabinet Towel Holder, White Kitchen Towel Rack Stainless Steel Towel Bar Universal Fit On Cupboard Doors","Product Advantage: The back of our towel rack is designed with EVA double-sided adhesive to to protect your door from scratches and damage during everyday use. Specifications: - Product Name: Cabinet Towel Holder - Material: Stainless Steel - Color: White - Surface Treatment: Sand Surface - Total Length: 235mm/ 9.25 Inch - Diameter: 13mm/ 0.51 Inch - Hanger Hook Length: 12mm/ 0.47Inch - Hanger Hook Width: 23mm/ 0.90Inch - Total Weight: 5.34 Ounces - Style: Modern, Minimalist Package Content: 2 Pack x Cabinet Towel Holder Note: Please check if the product type meets your requirements before purchasing. We will provide you with high-quality service, allowing you to have a pleasant shopping experience.",11.79,28,https://m.media-amazon.com/images/I/21b4+99Ox0L._SS522_.jpg,4,Home
"GIA Toolix Backless Stool with Metal Seat, Gunmetal, 4-Pack","These counter height 24"" metal stools by GIA are durable enough for use in the shop and stylish enough to use in the kitchen, game room, bar, basement, dorm room, or loft. The modern industrial look of the stools will perfectly complement the city chic minimalist, the hard-working machinist, and everyone in between. Ideal for small spaces, the barstools easily and neatly stack together, making them easy to stash out of the way for storage. A handle in the seat makes the stools easy to pick up and move. Made of an iron alloy, these stools are sturdy and light. Each stool weighs only 9.9 lbs., but is strong enough to support 300 lbs. Each metal stool has a brace under the seat that provides additional support and stability. Rubber feet keep the stools from sliding and scratching floors. The barstools have a scratch-resistant powder coat paint finish. Each stool stands 24 inches tall with a seat measuring 12x12 inches, and a base at the legs measuring 16x16 inches.",,86,https://m.media-amazon.com/images/I/41mgAYeNExL._SS522_.jpg,4,Home
"It's_Organized Gaming Desk 55 inch PC Computer Desk, K-Frame Home Office Desk Professional Gamer Workstation with Cup Holder Headphone Hook Gaming Handle Rack Free Mousepad, Black",,139.99,51,https://m.media-amazon.com/images/I/41oiXo1q4wL._SS522_.jpg,4,Home
"Serta Executive Office Padded Arms, Adjustable Ergonomic Gaming Desk Chair with Lumbar Support, Faux Leather and Mesh, Black/Blue","Made with gamers and programmers in mind, this Serta executive office chair delivers deluxe features with a stylish, modern look. This black leather office chair features a specially designed ergonomic seat and a contoured lumbar to provide customized support, improve posture, and reduce stress in the back, neck, and shoulders. The pneumatic seat height adjuster works with a simple weight shift, making it easy to find the right fit for you, while the rolling casters offer smooth portability and movement. Made with faux leather upholstery and breathable mesh accents, this office chair sports a sleek, race-car-inspired design. Whether you’re working on a presentation at the office or booting up a game at home, the Serta ergonomic office chair will make you feel like you’re sliding into the driver’s seat of a high-performance race car.",,65,https://m.media-amazon.com/images/I/41ZBS1hvHzL._SS522_.jpg,4,Home
"KoiHome Wooden Daybed with 2 Storage Drawers, Twin Size Platform Bed Frame, Daybed Twin for Kids Boy Girls Bedroom,Living Room, Office, No Box Spring Needed, Twin Size Day Beds Sofas in Espresso","The simple and exquisite style also comes with two drawers. It is a very practical single-layer bed. This bed is a good choice in the living room and bedroom. Two large drawers can hold a lot of items and are placed under the bed, saving a lot of space. Drawers with wheels can be placed on both sides of the bed. High-quality materials can make this bed long-lasting and very durable. Description:Material: Pine wood+MDFSize: TwinColor: EspressoDecoration: With two drawersNumbers of Package: 1Spring box: No needAssembly Required: YesOrigin: VietnamWeight & Dimensions:Overall Product Dimension: 77.1''L*40.7''W*23.1''HPackage Dimension: Please refer to the SpecificationBed Dimension: 40.7''x 77.1''Drawer: 36.8'' x 17.6''Total Height: 23.1''Numbers of slat: 8Overall Product Weight: 68.5lbWeight Capability: 250lb Recommended Mattress Thickness: 6''Modern Bed FrameThis bed frame is a minimalistic, stylish bed frame that works well with a variety of decorating styles and makes it easy for you to enhance and improve your space.Feature:- Constructed with durable wood and steel frame with thick foam padding for unique durability and support.- Create beautiful natural textured linen upholstery on a sturdy bed frame. It looks gorgeous and modern.- The mattress can be placed directly on the slats, no box springs needed, you can save more money and time.Rest PeacefullyHigh quality bed frame with strong support for your mattress and a comfortable design.Superior CraftsmanshipDurable construction crafted with care and easy to maintain upholstery.Versatile Style Great for Farmhouse, Transitional, or TraditionalUpdate your bedroom with this beautiful versatile farmhouse, transitional, or traditional style bed frame.",,71,https://m.media-amazon.com/images/I/511irNkgawL._SS522_.jpg,4,Home
"Soerreo Shoe Slot Storage Box Adjustable Shoe Rack Save Space Suitable for High Low Heels, Sneakers and Sandals (10 Piece Set)",,15.49,25,https://m.media-amazon.com/images/I/4127YVIANkL._SS522_.jpg,4,Home
"Arch Window Wall Mirror for Living Room,White Cathedral Wooden Decorative Arch Windowpane Mirror Large Vintage Farmhouse Mirror","Brighten up any room or create the illusion of a larger space with this Distressed White Arched Windowpane Wood Framed Wall Mounted Mirror!Product Specification:Color: Distressed whiteShape: ArchedProduct Care: Wipe clean with soft, dry clothKey Features:* Made of sturdy wood frame and HD glass mirror.* Easy to hang with 2 pre-installed D-ring hangers.* Hangs securely on any surface with 2 metal D-rings on the back or lean it up against a wall on your mantel.* Arched-shaped design, a classic minimalist design gives visible comfort.* The cathedral inspired arched design mirror is an affordable way to decorate your wall while bringing light and space into a room.* Distressed white wall mirror delivers an elegant rustic farmhouse touch, which will be the perfect focal point to any decor.* Perfect to mount in an entry, hallway, living room or bedroom.Warranty:Full refund or free replacement for mirror(s) damaged on arrival, no return is needed.Just send some pictures to us through Amazon Message to show the damaged mirror(s).Feel free to ask us with any questions or concerns and we will be happy to help in less than 24 hours!",99.99,25,https://m.media-amazon.com/images/I/419YPa-PWhL._SS522_.jpg,4,Home
"Jennifer Taylor Home Jacob 18"" Storage Cube Ottoman, Tan Floral Jacquard","The Jacob Collection cube storage ottoman by Jennifer Taylor Home is a multi-functional all-star for any space in the home. The seat flips open on sturdy hinges to reveal a storage compartment for storing away toys, blankets, and knick knacks. Place this pouf in a bedroom at the end of a bed, living room as a side table or footrest, or entryway for a perfect seat.",,67,https://m.media-amazon.com/images/I/51KOhS-ZWZL._SS522_.jpg,4,Home
"C COMFORTLAND Unstuffed Faux Leather Ottoman Pouf, Round Foot Rest Poof Ottomans, Floor Foot Stool Poufs, Bean Bag Cover with Storage for Living Room, Bedroom, Grey (No Filler)",,27.99,78,https://m.media-amazon.com/images/I/51qAukZMUDL._SS522_.jpg,4,Home
"ZZQXTC Over Toilet Storage Cabinet, Bathroom Storage Cabinet with Doors and Shelves, Wood Metal Bathroom Space Saver Above Toilet, White",,129.99,29,https://m.media-amazon.com/images/I/31cXPz4r76L._SS522_.jpg,4,Home
"40ft Upholstery Elastic Webbing,Two Inch (2"") Wide Stretch Latex Band for Furniture Sofa, Couch, Chair Repair Modification (5cm Green)","1 Roll 2"" Width 40' Length Upholstery Elastic Webbing A high quality alternative to rubber webbing with round bonded edges and excellent stretch resistance. 70mm Width Multi-purpose webbing / strapping. can be stapled or nailed without splitting The webbing is strong but supportive and suitable for various types of furniture, especially those that require a flat-surface such as dining chairs & much more.",10.99,18,https://m.media-amazon.com/images/I/51oKu+lxwzL._SS522_.jpg,4,Home
"Kujielan Oval Wall Mirror with Leaf Decorative Frame,Cirle Mirrors for Wall,Modern Wall Decor for Living Room,Bedroom,Bathroom,Vanity,Entryway,Black",,31.99,75,https://m.media-amazon.com/images/I/419muJNV1JL._SS522_.jpg,4,Home
"RRG Coat Rack Stand, Metal Coat Tree with Heavy Base 8 Welded Hooks Coat Stand for Entryway, Hall, Bedroom, Corner, Office 67” (Gold)",,,23,https://m.media-amazon.com/images/I/214BED2RP6L._SS522_.jpg,4,Home
"Mirrors for Wall Decor, Golden Hanging Mirror Golden Butterfly Wall Hanging Makeup Mirror with Chain Round Decorative Mirror for Bathroom Bedroom Living Room Housewarming Gift","Descriptions:Material: Glass + iron frameSize: About total length: 57cm/22.44in, mirror diameter: 30cm/11.81inWeight: About 852gPackage included:1*Wall Mirror",54.19,56,https://m.media-amazon.com/images/I/31TgX2crLUS._SS522_.jpg,4,Home
"Mokoze Wavy Mirror Irregular Border 10.24""x6.3"" Makeup Mirror for Wall-Mounted and Dressing Table Mirrors, Room Decor for Living Room Bedrooms and Mirror for Desk (White)",,13.49,33,https://m.media-amazon.com/images/I/319OzJXVrxL._SS522_.jpg,4,Home
"(100) 12"" Record Outer Sleeves - Outer Resealable Sleeves - Extreme HD Poly 3 Mil 12 3/4"" x 12 1/2"" | Record Rescue",,24.99,35,https://m.media-amazon.com/images/I/41uJZW57cBL._SS522_.jpg,4,Home
"Christopher Knight Home Munro Recliner, Navy Blue + Teak","Redefine your living room with cozy comfort and outstanding style. Our convenient recliner chair provides an incredibly high degree of leisure in an attractive package, emphasizing a charming contemporary design with a mid-century modern twist. Featuring beautiful channel stitching and a rich wood frame, this recliner pairs perfectly with the push-back functionality allowing for high comfort with little effort. Sure to become the new favorite spot of leisure, you and your family will surely enjoy this recliner for years to come.;Material: Fabric or Faux LeatherFabric Composition: 100% PolyesterFrame Material: RubberwoodMultiple Color OptionsFrame Finish: TeakHand-Crafted DetailsAssembly RequiredDimensions: 35.75 inches deep x 24.75 inches wide x 38.00 inches highExtended Dimensions: 55.50 inches deep x 24.75 inches wide x 33.75 inches highSeat Dimensions: 22.00 inches deep x 20.50 inches wide x 20.00 inches highArm Height: 23.75 inchesWeight Capacity: 300 lbs",,57,https://m.media-amazon.com/images/I/31exiSJMk8L._SS522_.jpg,4,Home
"3-Tier Side Table,Narrow End Table with Storage Shelf,Minimalist Bedside Tables Nightstand,Small Bookshelf Bookcase for Spaces,Bathroom Shelve,Display Rack for Bedroom,Living Room,Office,Dorms,2 Pack","This small end table is made of PVC board, NOT FOAM BOARD NOT WOOD, which is very smooth, waterproof and easy to install and clean. The perfect size and height match most sofas and chairs make it ideal to be used as a side table in living room; 3 tiers design with enough space to displaying books , magazines, coffee cups ; the stylish appearance will be compatible with any home decor and furnitureSPECIFICATIONS:Overall dimension: 15.75L x 9.45W x 21.65HColor: WhitePacking Quantity: 2Material: PVCSpecial Features：lightweight, waterproof, multi-purpose",37.99,53,https://m.media-amazon.com/images/I/41tzKL1XIPL._SS522_.jpg,4,Home
"DBTHTSK Sofa Latch,Bed Replacement Parts,Heavy Duty Connector Bracket Interlocking Tapered Hardware Accessories Furniture Connector for Furniture, Sofa, Bed (2 Pairs)","Specification:  Name: Sofa Buckle(furniture connector) Material:: Solid metal Outer Buckle:120mm*37mm Inner Buckle Size:112mm*32mm Thickness: 1.8mm  Features Thickened and stable,smooth and flat,good load-bearing capacity. Not easy to deform and strong wear resistance. Good fixing function, no need to worry about the loosening and sliding of the connecter. Sofa buckle is mainly used to connect modular or upholstered furniture to form a seat row or seat group, so it is easy to install and disassemble.",12.99,69,https://m.media-amazon.com/images/I/41gQlYHLvcL._SS522_.jpg,4,Home
"Boraam Sonoma Bench, Storm Gray Wire-Brush","The Sonoma Bench imbues your dining room or kitchen with an inviting air of warmth. The rubberwood’s multistep wire-brushed finish enhances the piece’s rustic and farmhouse bonafides. This saddle bench’s contoured seat is large enough to fit two people side by side. This bench pairs great with our Sonoma Counter Stools and Sonoma Pub Table. Make this bench yours by choosing your favorite of our three finish options Barnwood, Chestnut, and Storm Gray.",,24,https://m.media-amazon.com/images/I/316Y4ewyCLL._SS522_.jpg,4,Home
"Kwikset BTBCB2Y, Tuscan Bronze","Product Description   Time honored qualities such as elegance, tradition and symmetry have been gracefully reflected in the Avalon bath collection. With smooth and sleek curves reminiscent of a seaside escape, it's no wonder Avalon is the perfect complement to any bath. Available in a variety of configurations and finishes, Avalon makes it easy to coordinate the look of your entire home.   From the Manufacturer   Time Honored Qualities such as elegance, tradition and symmetry have been gracefully reflected in the Avalon Bath Collection. With smooth and sleek curves reminiscent of a seaside escape, it's no wonder the Avalon Collection is the perfect complement to any bath. We've made coordinating the look of your entire home as easy as asking for the Avalon Collection.",65.8,79,https://m.media-amazon.com/images/I/21lfjygKjaL._SS522_.jpg,4,Home
"Ilyapa 2-Tier Gold Metal Record Player Stand with 16 Slot Vinyl Record Holder - Honeycomb Design Turntable Shelf with Record Shelf, Vinyl Record Player Stand",,63.35,54,https://m.media-amazon.com/images/I/4107MgspWhL._SS522_.jpg,4,Home
"GZsenwo (2 Pieces) 3-5/8"" Stainless Steel Replacement Recliner Sofa Mechanism Tension Spring - Long Neck Hook","GNPADR 3-5/8"" (2 Pieces) Stainless Steel Replacement Recliner Sofa Mechanism Tension Spring - Long Neck Hook",9.99,34,https://m.media-amazon.com/images/I/41GvGSllzML._SS522_.jpg,4,Home
"HomePop by Kinfine Fabric Upholstered Round Storage Ottoman - Velvet Button Tufted Ottoman with Removable Lid, Tan Woven","This elegant round storage ottoman features a lift-off lid with all over button tufting for a classic design. Upholstered in a neutral tan fabric with a textured weave, it’s the perfect functional accent piece for your home. Use our round ottoman to store extra pillows or blankets in your bedroom, hide toys or game controllers in the family room, or conceal accessories in your entryway. Our Boho Tufted Storage Ottoman is available in a range of velvets and richly colored woven fabrics with wood legs in complementary finishes. Matching HomePop items are also available in the same color and fabric. Easy to assemble and maintain.",,47,https://m.media-amazon.com/images/I/51x3kXXPgxL._SS522_.jpg,4,Home
"EFTILE HOME 2 Foot Stool Handmade Wooden 3 Legs Footrest for Living Room, Bedroom, Nursery, Patio,Hallway, Lounge, Decorative Furniture (16x14x14; Kiwi)","Discover the versatility of our footstools, perfect for any room in your home – living room, dining room, bedroom, kitchen, patio, lounge, and more. Choose from a wide variety of textures and patterns, ensuring an eye-catching, functional home decor accent piece that suits your style. Our footstools make for a unique and delightful gift idea, especially for those who love to entertain and decorate their homes. With their unique design and easy assembly, these footstools are gifts that keep on giving for years to come.",109.99,29,https://m.media-amazon.com/images/I/41-mDeiQw+L._SS522_.jpg,4,Home
"Soft Foot Stool Ottoman Footrest Vanity Stool with Storage Shelf, Velvet Multifunctional Modern Padded Shoe Changing Seat Step Stool Pouf for Makeup Room, Living Room, Bathroom, Metal Legs Black",,37.99,75,https://m.media-amazon.com/images/I/41oTGNme97L._SS522_.jpg,4,Home
"GAOMON Black 4 Drawer Dresser for Bedroom, Wood Chest of Drawers with Metal Legs, Modern Storage Dresser Chest Cabinet Organizer, Large Dresser for Living Room, Hallway, Closet",,,94,https://m.media-amazon.com/images/I/41GkzVqoNyL._SS522_.jpg,4,Home
"Alise 24-Inch Bathroom Lavatory Towel Rack Towel Shelf with 2 Towel Bars Wall Mount Towel Holder,GYT7060-C SUS 304 Stainless Steel Polished Chrome",,53.99,41,https://m.media-amazon.com/images/I/51FqMNM3yYL._SS522_.jpg,4,Home
"Seventable Nightstand with Charging Station and LED Lights, Modern Design End Side Table with 2 Drawers, Nightstand Open Compartment for Bedroom, Black",,64.99,38,https://m.media-amazon.com/images/I/41Wn14U8LlL._SS522_.jpg,4,Home
"Furinno Coffee Table with Bins, Espresso/Brown & Simplistic End Table, Espresso/Black","Furinno Coffee Table with Bins, Espresso/BrownFurinno Simple Design Home Living Sets consist of Coffee table, end table, TV entertainment stands, and storage cabinets. The home living set comes in multiple color options - espresso, dark brown wood grain and steam beech. These models are designed to fit in your space, style and fit on your budget. The main material, medium density composite wood, is made from recycled materials of rubber trees. All the materials are manufactured in Malaysia and compliant with CARB regulations. There is no foul smell, durable and the material is the most stable amongst the medium density composite woods. A simple attitude towards lifestyle is reflected directly on the design of Furinno Furniture, creating a trend of simply nature.Care instructions: wipe clean with clean damped cloth. Avoid using harsh chemicals. Pictures are for illustration purpose. All decor items are not included in this offer.Furinno Simplistic End Table, Espresso/BlackThis simplistic Series end table two-piece set is designed to fit in your space, your style and fit on your budget. This unit is so simple, both in design and assembly. It uses the turn-s-tube mechanism to assemble the unit in 5 minutes. It is proven to be the most popular RTA furniture due to its functionality, price, and the no hassle assembly. The DIY project in assemble these products can be fun for kids and parents. There are no screws involved, thus it is totally safe to be a family project. Just turn the tube to connect the panels to form a storage shelf.",63.82,87,https://m.media-amazon.com/images/I/31CY4VJNyxL._SS522_.jpg,4,Home
"Mod Made Mid Century Modern Chrome Wire Counter Stool for Bar or Kitchen, Set of 2, Black","Enjoy this simple, yet stylish chrome wire counter stool, complete with removable leatherette seat pad for comfort. Adorn your bar, kitchen or dining area with this polished modern style stool.",206.61,43,https://m.media-amazon.com/images/I/41BxXleMgGL._SS522_.jpg,4,Home
"Bloomingville 15 Inches Mango Wood and Metal Organic Shaped Shelf, Matte Black Wall Mirror","Mirrors are more than just functional objects; they can also enhance the style and beauty of any home or office space. Mirrors can create the illusion of space, reflect light, and add drama to any wall. Whether looking for a round, oval, square, or rectangular mirror, there is a shape to suit any preference and occasion. Whether looking for a metal, wood, glass, or ceramic frame, there is a material to match any design and mood. Whether looking for a floor, wall, or table mirror, there is a size to fit any space. Check them today and find the best mirrors for any space.",,50,https://m.media-amazon.com/images/I/21-b0yTRSNL._SS522_.jpg,4,Home
"Gnyonat Accent Chair with Ottoman,Living Room Chairs,Reading Chairs for Bedroom Comfy,Soft Fabric Reading Chair (Blue)",,219.0,89,https://m.media-amazon.com/images/I/41Gau9oSdRL._SS522_.jpg,4,Home
"SLLFLY Water Bottle Organizer,Stackable Water Bottle Holder for Cabinet Kitchen,Wine Drink Rack for Kitchen Countertop Freezer Pantry Organization and Storage",,13.99,38,https://m.media-amazon.com/images/I/51EAJVwOuLL._SS522_.jpg,4,Home
"jela Kids Couch Large, Floor Sofa Modular Funiture for Kids Adults, Playhouse Play Set for Toddlers Babies, Modular Foam Play Couch Indoor Outdoor (57""x28""x18"", Charcoal)",,179.0,61,https://m.media-amazon.com/images/I/41Zury7vcHL._SS522_.jpg,4,Home
Flexson TV Mount Attachment for Sonos Beam - Black,,59.0,56,https://m.media-amazon.com/images/I/31vbAI-UxEL._SS522_.jpg,4,Home
"Small Collapsible Kids Hamper Fold Office Waste Bins Pop Up Basket Laundry Sorter For Bedroom Closet,Living Room,Camp Pink",,6.75,13,https://m.media-amazon.com/images/I/41v-ozvbCqL._SS522_.jpg,4,Home
"Diyalor 2.6 Gallon Small Trash Can with Handle,Durable Bathroom Wastebasket Garbage Can (Pack of 2, Black)","Diyalor 2.6 Gallon Small Trash Can with Handle,Durable Bathroom Wastebasket Garbage Can",21.99,27,https://m.media-amazon.com/images/I/219EPmkeeJL._SS522_.jpg,4,Home
"DAYTOYS C Shaped End Table-Movable Sofa Table with Metal Frames-Height Adjustable Sofa Tables with Storage Basket for Living Room, Bedroom, Bedside (Black)","Classic Style-This rotating sofa side table features Multiple wood-grain color, its simple and stylish design style perfectly suits for your home or office; Alternatively, smooth lines and right-angle borders bring a sense of comfort and pleasure, you'd fall in love with it Elegant Design - This rotating sofa side table features a wood-grain color, its simple and stylish design style perfectly suits for your home or office",39.98,99,https://m.media-amazon.com/images/I/41pgntXmHrL._SS522_.jpg,4,Home
"Phantoscope Storage Ottoman Round15 Inch, Velvet Folding Storage Boxes Footrest Foot Ottoman Toy Box, Padded Seat for Dorm Living Room Bedroom, Support 220lbs Coffee",,29.99,71,https://m.media-amazon.com/images/I/31V7JNrxMgL._SS522_.jpg,4,Home
Casual Home Night Owl Nightstand with USB Ports-Espresso,"The Night Owl Solid Wood Nightstand brings a cozy appeal to your bedroom or living room. Featuring a unique 4-Port USB Charging Station that allows easy access for charging cell phones, digital cameras, personal media players, and more at night. Open shelf and drawer provide ample space to store or deocrate. Tech-friendly features with classic style that you can count on.",111.95,10,https://m.media-amazon.com/images/I/3142Zp+eYuL._SS522_.jpg,4,Home
"NOVICA 302212 Handmade Wood and Reverse Painted Glass Wall Mounted Mirror, Burgundy and Metallic, Cuzco Snowflake'",,,23,https://m.media-amazon.com/images/I/51bKwT153nL._SS522_.jpg,4,Home
Toy Storage Basket and Play Mat for Building Bricks - Collapsible Canvas Organizer Bag with Drawstring - For Kids,,34.9,16,https://m.media-amazon.com/images/I/61f83XRzygL._SS522_.jpg,4,Home
RICOO SQ4965 No-Gap Wall Mount for Samsung® Q7 Q8 & Q9 Screens Ultra Flat & Tilting TV Bracket for 49 55 & 65 Inch QLED Devices Super Slim Television Support Weight Capacity 110lbs Black,,65.72,38,https://m.media-amazon.com/images/I/41VNr1xTfEL._SS522_.jpg,4,Home
Hosley Wooden Frame Mirror 20 Inch High. Ideal for Weddings Special Occasions and for Wall Decor Home Spa Aromatherapy Reiki. P2,"Hosley Brown Wooden Frame Mirror. Each one measures 20"" x 0.50"" x 20"" and is made of glass, wood and iron. This decor is perfect for adding a decorative touch to any room's decor. Perfect for everyday use, wedding, events, aromatherapy, Spa, Reiki, Meditation, and Bathroom settings. Pair this with your existing decor, or with a multitude of our wall decors to create an interesting and unique accent wall in your home! They feature a contemporary style, giving it a sleek design. This charming wall decor will add a touch of warmth to any décor.",24.99,40,https://m.media-amazon.com/images/I/410lp8RwjvL._SS522_.jpg,4,Home
"BRIAN & DANY Foldable Storage Ottoman Footrest and Seat Cube with Wooden Feet and Lid, Khaki 15” x15” x14.7”",,34.99,78,https://m.media-amazon.com/images/I/413YS7nQBnL._SS522_.jpg,4,Home
"ReplacementScrews Bed Frame Rail Screws Compatible with IKEA Part 116894 (HEMNES, BRIMNES, etc) Euro Screws (Pack of 20)",,7.99,75,https://m.media-amazon.com/images/I/31-vY+TuWOL._SS522_.jpg,4,Home
"mDesign Round Metal in-Lay Accent Table with Hairpin Legs - Side/End Table - Decorative Legs, Marble Top - Home Decor Accent Furniture for Living Room, Bedroom - Set of 2 - Soft Brass/Mirror",,79.99,31,https://m.media-amazon.com/images/I/413u0H2o1IL._SS522_.jpg,4,Home
"NSFRCLHO Round End Table, Tempered Glass End Table with Metal Frame, Small Coffee Table, Black Sofa Side Table for Living Room, Balcony, Bedroom",,89.99,38,https://m.media-amazon.com/images/I/41z8YktAkGL._SS522_.jpg,4,Home
pranovo Metal Sofa Handle Cable Recliner Chair Couch Release Lever Replacement (2 Pack B#),Descriptions: * It is a replacement cable for recliner sofas and chairs.* The length of outer black cable: approx. 68cm* The length of inner cable including ends: approx. 88.5cm* Durable* Quantity: 2 pieces sofa cable  Features:  * The length of outer black cable: approx. 68cm* The length of inner cable including ends: approx. 88.5cm  Package:  * Quantity: 2 pieces sofa cable,13.5,13,https://m.media-amazon.com/images/I/3144eTNpeEL._SS522_.jpg,4,Home
"Stuffed Animal Storage Bean Bag Chair Cover for Kids, 24x24 Inch Velvet Extra Soft Large Storage Bean Bag for Organizing Children Plush Toys Room Decor for Girls(Cover Only)",,18.99,24,https://m.media-amazon.com/images/I/41dBlMhHThL._SS522_.jpg,4,Home
"Pinkpum Shoe Ogranizer for Closet, 12 Pack Shoe Storage Boxes Clear Plastic Stackable Shoe Box, Shoe Containers Storage with Lids, Sneaker Container Bin Holder, Clear White",,,55,https://m.media-amazon.com/images/I/41huFJxt+FL._SS522_.jpg,4,Home
"BOOSDEN Padded Folding Chair 2 Pack, Foldable Chair with Thick Cushion, Heavy Duty Metal Folding Chair for Outdoor & Indoor & Dining & Party, Red",,119.0,21,https://m.media-amazon.com/images/I/41H64LdIQ8L._SS522_.jpg,4,Home
"Kingston Brass SCC8247 Edenscape Pedestal Steel Construction Towel-Rack, Brushed Brass 25.75 x 14.44 x 32","With this stylish and functional Edenscape pedestal towel rack, the European styled design provide 2-tier rack for towel storage. The rack itself is easily moved from room to room and with its sturdy base, hanging many towels is not a problem. Constructed from steel for durability and reliability. This towel rack can be installed quickly and easily.",,30,https://m.media-amazon.com/images/I/31FOa-k+EtL._SS522_.jpg,4,Home
"Industrial Rolling Bar 3-Tier Kitchen Serving Cart, Wine Storage Rack, Rustic Pipe Dining Cart with Wheels, Restaurant Wine Glass Holder, 15.7x15.7x33.4inches","【Please Note】 We didn't pre drill the board, because pre drilling may make the screws unable to firmly fix the flange and board. You need to use your own electric screwdriver and the screws in the package to fix the flange and the board, which is faster.Please use the screws in the package to help you assemble it more firmly. We don't recommend you to use other kinds of screws or pre drill the board, which may affect the stability of the dining car.【Specification】 - Size: 15.7’’L x 15.7’’W x 33.4’’H - Color: Brown + Black 【Product Details】 - Floor-standing dining cart / rolling rack - Need to install 【Package Content】 -3 planks -10 iron pipes -8 pieces -32 screws -4 pulleysThe removable kitchen cart is suitable for home kitchens, restaurants, bar service and more.The package contains the installation manual, if it is lost, please contact us to provide an electronic version.",115.0,79,https://m.media-amazon.com/images/I/51rjiq645tL._SS522_.jpg,4,Home
Chill Sack Bean Bag Chair: Giant 5' Memory Foam Furniture Bean Bag - Big Sofa with Soft Micro Fiber Cover - Lime,"Our 5 foot chill bag is ideal for your child, teenager or college student that loves to play video games and watch their favorite movies and TV programs. The perfect addition to a basement, family room or dorm, it’s large enough to fit two small adults but is ideal for one adult or child. We call them bean bag chairs, but there are no beans or Styrofoam pellets here. Just the softest, highest quality shredded foam like those used in high end couches. Dimensions: 60” x 60” x 34” weight: 55 lbs.",,85,https://m.media-amazon.com/images/I/51fQFu92tsL._SS522_.jpg,4,Home
"Caroline's Treasures BB5130JMAT Day of The Dead Red Flowers Skull Doormat 24x36 Front Door Mat Indoor Outdoor Rugs for Entryway, Non Slip Washable Low Pile, 24H X 36W",Indoor/outdoor floor mat 24 inch by 36 inch action back felt floor mat/carpet/rug that is made and printed in the USA. A black binding tape is Sewn around the mat for durability and to nicely frame the artwork. The mat has been permanently dyed for moderate traffic and can be placed inside or out (only under a covered space). durable and fade resistant. The back of the mat is rubber backed to keep the mat from slipping on a smooth floor. Wash with high pressure from your garden hose or with a power was her. Use cleaner that does not produce suds.,,59,https://m.media-amazon.com/images/I/41Q15C0DMDL._SS522_.jpg,4,Home
"glitzhome Adjustable Bar Stool Set of 2 Swivel Mid-Century Modern PU Leather Counter Dining Chairs with Back, Begin",,239.99,91,https://m.media-amazon.com/images/I/51OPfpn9ovL._SS522_.jpg,4,Home
Symmons 673TR-STN Identity Wall-Mounted Towel Ring in Satin Nickel,People who value quality value Symmons because our products are made right. That same Symmons quality goes into everything we make and everything we do—from our products to our people—it’s about integrity.,,85,https://m.media-amazon.com/images/I/31cLgr4MIBL._SS522_.jpg,4,Home
"glitzhome Kitchen Island with Storage Kitchen Cart on Wheels Rolling Kitchen Cart Island Table with Tower Holder Spice Rack Drawer for Dining Room Kitchen, 34.25”H, Red",,149.99,96,https://m.media-amazon.com/images/I/51wSfraUuhL._SS522_.jpg,4,Home
"Lipper International Child's Toy Chest, 33.25"" W x 17.75"" D x 24.5"" H, Walnut Finish","Lipper International provides exceptionally valued items for the kitchen, home, office, and child's playroom. Beautifully finished and incredibly sturdy, the Kids Collection from Lipper International is perfect for any child. Add a new dimension of fun and functionality for your children within any room of your home. Having sturdy design and rugged durability, our tables, desks, chairs, and toy chests provide children of all ages with colorful items well suited for play and creativity. The wide assortment of color and design of our Kids Collection will match any child's room and exceed expectations. Make cleaning up and storing toys both fun and easy with the Child's Toy Chest from Lipper. This chest meets and exceeds all safety requirements! It features a slow close safety hinge to protect little hands and fingers. There are two holes located in the back panel with spaces located beneath the front and back of lid to allow air into the toy chest should children climb inside. Constructed from beech wood and medium density-fibreboard (MDF), it has a beautiful finish that complements any decor. Wipe with slightly damp cloth. Do not soak. Do not use soap. Dry immediately with cloth or towel. Do not allow to air dry. Product will warp if it is not dried immediately.",,97,https://m.media-amazon.com/images/I/41IWlgQ25-L._SS522_.jpg,4,Home
"dnbss LED Nightstand with Charging Station, Swivel Top Bedside Table with Wheels, Smart Night Stand with Laptop Table Workstation for Bedroom, Modern End Side Table (Black)",,109.99,63,https://m.media-amazon.com/images/I/41CANS+MiTL._SS522_.jpg,4,Home
"Remote Control Holder,TV Remote Caddy/Box with 5 Compartments,Bedside Table Organizer for Controller,Glasses,makeup brushes,jewelry and Media Player,Pen/Pencil Storage(Orange)",,13.99,83,https://m.media-amazon.com/images/I/41p58TdmyoL._SS522_.jpg,4,Home
"MoNiBloom Foldable Storage Free Standing Shoes Shelf, Bamboo Multifunctional 4-Tier Shoe Organizer for 16-20 Pairs Entryway, Hallway, Corridor, Natural",,51.99,78,https://m.media-amazon.com/images/I/41SpDKbBslL._SS522_.jpg,4,Home
"Walker Edison Furniture Modern Round Nesting Coffee Accent Table Living Room, Walnut/Gold","Add a modern boho element to your living room with our unique geometric nesting table set. Includes one large and smaller coffee table to give you extra table space so you can display your magazines and reading material on one, while the other can be used to decorate with glass vases within your living room. The artfully designed, geometric shaped base is made up of a painted, sturdy metal frame. Our bold accent table set will be a wonderful addition to your home’s décor.",,59,https://m.media-amazon.com/images/I/51U3y0LRMeL._SS522_.jpg,4,Home
Way Basics Book Shelf 4 Cubby Storage (Tool-free Assembly),"The black 4 cubby cube is an affordable way to organize and decorate your home all in one. Way Basics cubes are individuals, but they can come together to work as a team. You can stack them and customize them to fit your taste preference. You can even mix up colors or go monotone, the choice is yours. The 4 cubby cube is made from Way Basics' Patented material, a lighter and healthier alternative to particle board and MDF. This product is affordable, easy to assemble, stylish what more can you ask for!",59.99,82,https://m.media-amazon.com/images/I/31eEZQKN+rL._SS522_.jpg,4,Home
"Mind Reader Trash Can and Toilet Brush Set, Bathroom Decor, Swivel Lid, Accessories, 8.75"" W x 11.25"" H, 2 Piece Set, Gray","Maximize Space with a Versatile 2-Piece Set  Introduce this sleek 2-piece waste paper basket and toilet brush set to your home or office bathroom for a practical and stylish solution. Its compact design easily fits into tight corners or under the sink. The stylish set compliments any decor, its sophisticated diamond pattern adds a hint of luxury.  Consider investing in multiple sets if you have several bathrooms and need efficient space-saving solutions. The versatility of the waste paper basket extends to the kitchen, where it can serve as a storage bin for compostable scraps. Operation is seamless — the waste basket, which can be used with or without a 2-gallon trash bag, features a swiveling lid that holds the liner securely in place while concealing the bag and its contents. The toilet brush comes with a disk on the handle, serving as a lid when docked in its base, preventing drips or spills.  The waste paper bin, toilet brush, and base are all easy to clean - a bit of soap, water, and sanitizer keeps them looking neat and fresh.",,87,https://m.media-amazon.com/images/I/31ktspfOC9L._SS522_.jpg,4,Home
"#4203 Adjustable 1/4"" Threaded Non-Skid Leveling Glides Black Pad 4-Pack","1/4""x20 threads with Screw 1"" high & Black NON-Skid pad. Threaded adjustable leveling glide.",15.7,81,https://m.media-amazon.com/images/I/31Oas3rE7sL._SS522_.jpg,4,Home
Funny Welcome Doormat for Entryway Front Porch Mat Welcome Madafakas Bulldog with Gun Doormat for Front Door Decor Personalized Kitchen Mat with Anti-Slip Rubber Back Novelty Gift Mat(23.7 X 15.9 in),"""★Home front porch Decor Doormat with |ANTI-SLIP|Rubber Back. Colourful print on Non-woven Polyester fiber,【safe for kids and pets】absorbent mudroom rug Shoe mat door mat farmhouse indoor entrance、tapetes para entrada de puertas、rubber shoe mat for front door ★Dimension: 15.9""""(W)x23.7""""(L)(40cmx60cm) 0.12 inch thickness. Door rugs for entryway thin doormat dirty dog Doormat with personalized design or popular quotes on it. Really good choice for Prank Gift、Festival Gift or Novelty Gift Valentines day Presents. ★【Advantage】This Machine Washable door mats is suitable for Entrance way indoor.Also can use as bedroom mat、welcome mats for front door funny、bath mat、floor mats for house、coir doormat、thin rugs for under door indoor mud mat kitchen door mat、winter doormats、absorb rugs for entryway、front door mat outdoor funny thin door mat indoor low profile waterproof door mat front porch rugs. 、low profile rugs for entryway、dog rug mud free pet rug、living room mat or a kitchen mats. Perfect fit for kids room mat、office mat and stairs. Safe for hardwood floors too.Entryway rugs indoor non slip.Door mats for home entrance funny.  ★【Customer service】:We always try to create a perfect shopping environment. 【0 risk purchase】 is available here, contact us if you have any question about GXFC ZHAO no matter before or after your purchase ! We will do our best to make you Satisfied. ★【Giving a perfect shopping experience is always our service purposes!】""",25.02,53,https://m.media-amazon.com/images/I/415x2v3cW5L._SS522_.jpg,4,Home
"KINGYES Folding Adjustable Backrest Adirondack Chair, Gray",,159.99,40,https://m.media-amazon.com/images/I/41RnRNOgDDL._SS522_.jpg,4,Home
"Leick Home 10109-GR Oval Condo/Apartment Coffee Table with Shelf, Smoke Gray","Round and oval tables offer a perfect solution for corners and transitional spaces in the room. These beautiful silhouettes finish groove and matched veneer surface treatments with a cool, gray tone. And with no corners to bump, are easy to live with in smaller spaces. Designed and manufactured by Leick Home, the trusted source for quality home furnishings for every taste and budget.",,73,https://m.media-amazon.com/images/I/31hgF2KPIJL._SS522_.jpg,4,Home
Carter's by DaVinci Colby 3-Drawer Dresser in Grey,"The Carter’s Colby 3-Drawer Dresser features three spacious drawers with open finger pulls and a streamlined, modern look. Coordinates with the Carter’s Colby Crib and Colby 6-Drawer Dresser.",199.0,60,https://m.media-amazon.com/images/I/31eTOoDK36L._SS522_.jpg,4,Home
Modway Baronet Button-Tufted Vegan Leather Parsons Dining Chair in Gray,"Bestow splendor with the Baronet Dining Chair. Charm and elegance adorn this luxuriously button tufted dining chair complete with sleek curves and dignified form. Featuring dense foam padding, fine vegan leather upholstery, a solid wood and MDF frame, and non-marking foot glides, this updated Parsons chair is a stylish dining chair perfect for the dining room, living room, entryway, or home office.",,26,https://m.media-amazon.com/images/I/31Um2-NPw3L._SS522_.jpg,4,Home
"MOOACE Small Side Table, Round End Table Nightstand with Charging Station, Storage Shelves, 2 Tier Sofa Coffee Beside Accent Table for Living Room, Bedroom, Brown",,43.99,69,https://m.media-amazon.com/images/I/419Yb6N5yyL._SS522_.jpg,4,Home
BYOOTIQUE Makeup Chair Folding Camping Stool Collapsible Seat Telescoping Stool Height Adjustable Round Vanity Stool Chair Portable Makeup Hairstylist Chair for Makeup Nail Artist Hair Stylist Travel,,39.9,26,https://m.media-amazon.com/images/I/511N0PuE9EL._SS522_.jpg,4,Home
"nimboo Kids Couch - Modular Kids Play Couch Set, Kids Sofa, Toddler Couch, Toddler Sofa, Kid Couch, Foam Playroom Couch for Kids",,99.95,92,https://m.media-amazon.com/images/I/51He1KLeOsL._SS522_.jpg,4,Home
"LOKKHAN Industrial Bar Table 38.6""-48.4"" Height Adjustable Swivel Round Wood Tabletop 23.7"" Dia, Kitchen Dining Office Coffee Bistro Pub Table","Industrial Adjustable Round Tabletop Pub Table-38.6-48.4 Inches Tall Bar Table-360° Swivel Pine Top (23.7"" Dia/ Brown Pine Wood)DESPRIPTIONS①This round bar table can be used as a bar table or dinner table for 2-3 people.②It features with 360° swivel design and adjustable height from counter height to bar height for extra comfort.③Sleek pine tabletop is easy for cleaning. It is perfect no matter for pubs, bars, cafe or for restaurants.SPECIFICATIONSColor:coppery brown / brown Material:steel / pine Tabletop Dimensions: 23.7"" W x 23.7"" DHeight adjustment: 38.6” to 48.4” HBase Dimensions (footprint): 23.6” W x 23.6” DFEATURES:☞Premium Quality: Solid Pine Tabletop & strong, heavy duty steel base☞Widely Used: as pub table, bar table, bistro table, cocktail table & pedestal table☞Adjustable Height: from counter height to bar height☞360° SWIVEL TABLE TOP: Swivel table top allows you to easily get drinks, snacks or coffee,perfect for bars, pubs, parties, etc.☞Easy Assembly: assembly required, with instructions enclosed☞Easy Cleaning: just use a damp cloth.FEATURES: ①Fire Hydrant Design, the rustic industrial stylish adds raw sophistication to any space. ②Solid wooden tabletop features a polished finish with an anti-scratch weathered look. ③Durable, rust-resistant metal frame for extra sturdy and stable support. ④Industrial steel is powder coated in COPPER for a stylish look and feel. ⑤Perfect standing table for bar, coffee shop, or restaurant settings.",126.4,36,https://m.media-amazon.com/images/I/31uVNZMOnXL._SS522_.jpg,4,Home
"UTONE Gaming Chair Computer Chair Breathable Fabric Office Chair Cloth with Backrest Desk Chair with Footrest, Lumbar Support Swivel Recliner Task Chair Ergonomic Video Game Chair Height Adjustable",,199.99,24,https://m.media-amazon.com/images/I/31dCSKQ14YL._SS522_.jpg,4,Home
"Lexicon Victoria Saddle Wood Bar Stools (Set of 2), 28.5"" SH, Black Sand","With a country flair and a deep black sand finish, this set of two rustic wood barstools features a 29-inch high contoured seat and footrests for ultimate support. Add these contemporary barstools to your modern farmhouse style kitchen or dining space for a casual and comfortable look.",58.99,75,https://m.media-amazon.com/images/I/41CPL03Y-WL._SS522_.jpg,4,Home
ANZORG Behind Door Hanging Kids Shoes Organizer Closet Shoe Organizer Shoe Rack with 12 Mesh Pockets (12 Pockets),,9.99,92,https://m.media-amazon.com/images/I/31qQ2tZPv-L._SS522_.jpg,4,Home
"Pipishell Full-Motion TV Wall Mount for Most 37–75 Inch TVs up to 100 lbs, Wall Mount TV Bracket with Dual Articulating Arms, Extension, Swivel, Tilt, Fits 16"" Wood Studs, 600 x 400mm Max VESA, PILF8",,35.99,28,https://m.media-amazon.com/images/I/41TkLI3K2-L._SS522_.jpg,4,Home
"Noori Rug Home - Lux Collection Modern Ava Round Ivory Velvet Storage Ottoman - 13x13x15 - Livingroom,Bedroom, Kid's Room, Nursery, Medium","Both functional and decorative, this storage stool will be a gorgeous piece for your home. The metallic gold trim in the middle adds a fancy touch to this neutral storage piece. Use as a comfortable footrest, stylish side table, or decorative accent to elevate your interior design!",67.6,50,https://m.media-amazon.com/images/I/21Uq9uJEE5L._SS522_.jpg,4,Home
Modway Parcel Upholstered Fabric Parsons Dining Side Chair in Beige,"Wrap up moments of quality seating with the Parcel dining chair. Finely upholstered in polyester with a nail-head trim, Parcel delivers a concise offering that enhances the dining experience in a subtle and unassuming way. Padded with dense foam and solid stained wood legs, Parcel also comes fully assembled.",,52,https://m.media-amazon.com/images/I/41f8WNXejUL._SS522_.jpg,4,Home
